có,55870
bị,44146
được,37432
ra,36097
là,31179
đi,23992
cháy,23546
biết,21688
làm,19937
cho,18746
Theo,17733
gây,17125
theo,15902
phải,14124
khiến,13711
xảy,13129
điều tra,12857
xử lý,12441
lại,12353
xuống,11624
đưa,11447
chạy,10547
lên,10249
qua,9445
chết,9394
điều khiển,9145
nói,9020
tử vong,8766
chở,8421
giao,8100
đến,7979
xây dựng,7738
sử dụng,7692
thực hiện,7574
tiếp tục,7173
xảy ra,7167
đầu tư,7050
về,6997
thấy,6900
kiểm tra,6892
thuộc,6743
có mặt,6065
ngập,5794
tổ chức,5696
lưu thông,5561
ngã,5424
mang,5403
rơi,5359
nhận,5334
vận tải,5326
thông,5282
chữa cháy,5193
cần,5043
ô tô,5029
hoạt động,4977
đổ,4929
liên quan,4914
xem,4906
giải quyết,4847
phối hợp,4827
hạn chế,4802
giữ,4760
dừng,4754
phát hiện,4715
tham gia,4670
kéo,4639
nằm,4506
khai thác,4452
ảnh hưởng,4411
quản lý,4324
mất,4318
cứu,4144
cấm,4127
bắt,4094
cứu hộ,4071
làm việc,4066
chia sẻ,4066
phát,4064
chỉ đạo,3889
dùng,3844
bán,3800
phát triển,3777
đảm bảo,3714
thoát,3710
dẫn,3704
huy động,3620
thiệt hại,3609
tránh,3580
va chạm,3558
yêu cầu,3527
hư hỏng,3524
đề nghị,3506
đánh,3488
thi công,3462
chống,3419
vi phạm,3402
sống,3397
đánh bạc,3353
sửa chữa,3332
ngụ,3330
phù hợp,3306
xác định,3286
phục vụ,3285
xuất hiện,3268
tăng,3261
tràn,3190
đứng,3159
chờ,3148
bay,3146
triển khai,3122
cho biết,3115
sang,3031
bị thương,3029
xử phạt,3021
kinh doanh,3007
gặp,2986
rụi,2974
khởi tố,2930
tập trung,2928
đón,2865
lao,2780
lấy,2755
tiến hành,2740
thêm,2734
báo cáo,2712
xuống đường,2710
di chuyển,2709
muốn,2708
hợp tác,2678
xác minh,2669
húc,2669
kéo dài,2662
ô nhiễm,2654
khám nghiệm,2647
thông báo,2646
cấp cứu,2645
Trao đổi,2641
nêu,2622
bảo vệ,2560
hết,2557
đốt,2533
hoàn thành,2524
thu,2519
khỏi,2518
ngồi,2496
ghi,2493
trao đổi,2469
hỗ trợ,2457
khắc phục,2422
thải,2420
cho rằng,2409
h,2407
trượt,2404
gửi,2397
tìm,2372
đâm,2360
kể,2350
vượt,2329
quay,2274
gọi,2254
học,2238
trả,2237
chịu,2229
cắt,2222
mặc,2155
lái,2155
bốc,2076
nứt,2030
Nhận,2029
đề xuất,1999
Được,1992
Đến,1988
thông tin,1979
nuôi,1975
Liên quan,1966
cho hay,1954
kiểm soát,1953
xin,1953
mắc kẹt,1943
khẳng định,1938
đỗ,1936
chuyển,1936
ký,1935
cấp,1934
tới,1913
nghi,1904
tông,1891
quy định,1882
thi thể,1870
sập,1859
tạo,1829
vào,1828
nghỉ,1817
thăm,1815
khống chế,1810
lan,1787
mất tích,1781
tiếp nhận,1781
bồi thường,1781
Bấm,1771
tính,1769
thông qua,1766
hành động,1708
gắn,1703
dọn dẹp,1701
mua,1701
dắt,1698
bàn giao,1697
thiếu,1678
phòng chống,1642
chữa,1641
tổn thương,1634
nổ,1621
đánh giá,1603
nghiên cứu,1594
còn,1593
điều hành,1588
họp,1584
kết luận,1575
hỏi,1572
nhấn mạnh,1523
giảm,1523
xác nhận,1521
hoàn thiện,1516
vận chuyển,1514
một phen,1513
gồm,1491
buýt,1487
sạt lở,1487
bắt đầu,1477
dập,1474
ùn tắc,1468
bảo,1461
mưa,1459
nhờ,1454
điều chỉnh,1428
consider,1424
please,1424
view,1424
that,1424
web,1424
cố tình,1422
thành,1420
chứng kiến,1419
tiếp,1416
thiêu,1412
đậu,1386
kiểm điểm,1382
lưu,1378
trú,1376
nghe,1367
xuất,1363
trở lại,1351
rà soát,1345
phân cách,1341
xả,1339
rửa,1329
đặt,1329
đáp ứng,1325
bỏ,1323
khai,1322
hiểu,1321
lập,1309
thành công,1307
bám,1304
giúp,1294
Thấy,1292
trở thành,1291
ra vào,1291
nhằm,1285
thay đổi,1268
gia tăng,1266
đăng tải,1264
giam,1258
hốt hoảng,1256
dính,1248
bảo đảm,1243
diễn,1230
sinh sống,1230
viết,1223
đấu,1221
yêu,1202
Ngọn lửa,1200
báo,1200
vận hành,1199
đi vào,1192
chuẩn bị,1188
nâng,1176
trang bị,1171
nắm,1171
Có,1169
bắt giữ,1158
trả lời,1157
du lịch,1157
mở rộng,1154
sinh,1152
vào cuộc,1150
tìm kiếm,1146
quyết định,1145
cảnh báo,1130
bê tông,1129
tháo chạy,1126
khám,1123
phá,1122
cướp,1113
đi lại,1111
lật,1109
chỉ huy,1108
giải phóng,1108
lo,1103
đám cháy,1099
đưa vào,1098
xoay,1093
khẩn trương,1092
xong,1078
cao độ,1078
ủng hộ,1074
đè,1072
nuôi trồng,1071
tặng,1064
phản ứng,1064
bao trùm,1062
áp dụng,1052
bố trí,1042
vận động,1040
buông,1040
chấp hành,1038
chủ trì,1035
dành,1031
hâm mộ,1030
tiếp cận,1022
sửa,1015
phản ánh,1009
thu hút,1005
đồng ý,1002
thi,996
xe ben,993
thu hồi,991
để,990
mong muốn,990
ở,989
hóa,983
phòng,983
nhảy,982
bên trong,981
chắn,978
tước,978
quan sát,976
sản xuất,972
xem xét,970
kinh hoàng,959
phóng,957
đưa ra,951
đợi,945
đạt,933
lấp,932
thăm hỏi,930
đường sắt,929
chảy,927
hướng dẫn,926
lái xe,916
cơ động,913
gác,911
ngừng,909
gãy,908
tháo,903
đứt,902
thống nhất,896
động viên,896
cuốn,895
gây rối,893
cử,889
thả,888
công tác,887
nên,885
nghiêng,884
trực,880
nói chuyện,879
tài trợ,877
nối,872
Tỉnh ủy,868
náo loạn,862
thuê,862
thay thế,861
xô,861
buộc,860
Hạn chế,855
rời,852
trích,846
quan tâm,846
kết hợp,844
qua lại,844
tỏa,840
đập phá,837
mở,836
sợ,832
Quản lý,831
Phát triển,829
phong tỏa,825
mai táng,816
vớt,814
cuốn trôi,814
giật,814
nhìn,813
dập tắt,813
hoảng loạn,812
trúng,811
nhồi,808
coi,808
chơi,807
chất thải,806
thành lập,806
ưu tiên,799
Dân trí,797
trình,794
clip,793
đình chỉ,792
giám sát,792
mua bán,791
Truyền thông,791
dân phòng,786
trở về,785
kèm theo,779
hình thành,778
rời khỏi,775
vươn,775
chụp,774
di dời,773
kiên quyết,773
bùng,771
tụ tập,770
dự kiến,768
theo dõi,767
huấn luyện,765
trở,758
đổi mới,753
họp báo,752
chạy thoát,750
bốc cháy,747
ngược chiều,746
chặn,745
đóng,742
lùa,737
đăng ký,736
bổ sung,735
phân tích,734
thanh tra,734
uống,732
giải cứu,731
nghĩ,730
Ước tính,729
làm ăn,728
sau đó,725
ngọn lửa,725
tấn công,723
cách,721
mg,720
cải tạo,716
ùn,714
có người,712
đáng,711
quy hoạch,710
Dự báo,709
khả thi,709
Đầu tư,709
đóng cửa,709
ủi,707
ách tắc,705
tan,705
kẹt,705
đổi,703
khâu,701
xây xát,695
phản đối,693
chăm sóc,691
giúp đỡ,690
cam kết,687
đá,684
thương tích,683
bật,680
Xây dựng,680
rải,677
hiếu,675
nghỉ lễ,672
Có mặt,667
xin lỗi,666
xe buýt,662
va,660
phân luồng,653
tìm hiểu,652
chú ý,646
lo lắng,645
Cháy,644
xuyên,639
ổn định,636
Về,633
sử,632
lao động,632
công bố,631
nhầm,631
kêu gọi,629
thiết kế,625
đại diện,624
lên tiếng,623
ôm,621
đau,621
nâng cấp,619
đi bộ,618
trước khi,618
bắt buộc,617
vô,616
cháy trụi,615
Rơ moóc,615
làm người,611
áp thấp,610
đề phòng,610
cung cấp,607
quay lại,606
hàn,604
cập,604
điều,603
tháo dỡ,602
Phát hiện,601
bị nạn,601
nhà tầng,600
Giao thông qua,596
mắc,591
lìa,590
phụ thuộc,589
kết nối,589
tuyên truyền,588
vi,588
chiếm hữu,588
bỏ chạy,588
ven biển,586
lát,582
truy cứu,581
liệu,581
kết,580
khối,580
dồn,577
hẹn,577
tăng cường,576
vệ,576
mời,575
xông,574
châm,571
phát sinh,571
khóa,570
xăm,570
hỏa,570
rạn,570
xuống cấp,569
đạp,569
nâng cao,568
chèn ép,568
Chạy,568
quyết,564
hòa,562
dám,562
hạ,557
cày,555
đeo,554
ngăn chặn,553
mạnh dần,549
khởi công,547
mưu sinh,547
cho phép,545
đi chơi,545
nhập viện,544
cơ quan chức năng,544
vùi,542
mặt cầu,540
xịt,538
truy đuổi,537
nhận định,537
dựng,535
cãi,532
miễn phí,532
trôi,531
rước,531
kích động,530
trong khi,530
phụ trách,530
chui,525
đi qua,524
dân quân,524
cầm,523
chỉ trích,520
tiến,519
bao gồm,517
xuất phát,516
Kết luận,514
chế,514
hư hại,509
xây,508
đem,508
Thiếu tướng,508
lấn chiếm,508
đền bù,506
dự báo,506
mang lại,506
tử nạn,505
định,504
đối diện,503
điều trị,503
vui chơi,501
đội,500
thay,498
so với,497
hô,497
phủ,497
hay không,496
đào tạo,495
cố gắng,493
gặp gỡ,490
chiếm,490
phun,489
vực,488
Thượng úy,483
lắp,480
đối phó,479
ứ,478
cố thủ,476
sắm,472
che chắn,472
hưởng,469
nhà trẻ,468
bảo kê,464
mâu thuẫn,463
kéo lê,462
biểu tình,461
cai nghiện,460
mổ,460
leo,460
truy,456
dầm,455
hoàn,455
hộ tống,453
thu thập,452
cán,450
ngoại thất,450
mua sắm,447
chấp nhận,447
giám định,447
rác thải,447
góp phần,443
thi hành,443
tiếp xúc,442
cấp thiết,441
đàm phán,441
rơi vãi,441
dựng đứng,440
Đến ngày,440
trơn,438
hô hoán,438
tưới,437
tuột,437
Vận tải,436
vượt quá,435
tìm thấy,435
sinh hoạt,435
cản trở,434
Phải,433
tỏ,433
giành,432
chốt,432
ép,426
tố,426
sáng tỏ,423
liên hoàn,422
theo đuổi,422
đẩy,422
dụng,421
hô hấp,419
đắp,418
dự,418
tham nhũng,417
chuyển nhượng,417
cư trú,416
nhìn nhận,414
trổ,414
nhường,414
đi theo,413
nạo vét,412
tải,411
bẻ,410
úy,410
tuần tra,409
tốt nghiệp,408
Nếu không,407
trông,404
tắt,403
Nghe,403
hay,402
mong,401
quấy rối,400
bảo hành,400
chung,399
Tăng cường,399
bày tỏ,399
lợi dụng,397
truy tố,397
tách,395
về quê,394
bỏ trốn,393
nổi điên,393
thẩm định,393
Thường vụ,392
kéo theo,392
ra lệnh,392
đu,391
Đề nghị,390
thấm,390
nhấn,389
sắp xếp,389
chứa,388
mở cửa,388
thương vong,387
khóc,387
kiểm định,387
trừ,387
tham mưu,383
bãi nại,381
đọc,381
Khởi tố,381
nghỉ việc,380
dân sự,376
bổ nhiệm,376
lãng phí,374
Chứng kiến,374
tiểu,371
ghi nhận,370
ứng cứu,369
gia chủ,369
hủy,368
phụ,367
Qua,366
thất vọng,366
nổi lên,365
nhận thức,364
giao lưu,363
tỏ ra,362
Đề án,361
d,361
mượn,360
sỹ,358
xúc động,358
thừa nhận,358
trí,357
khí hậu,356
đề,356
tháo gỡ,355
đưa tin,355
hoảng hốt,354
chi trả,354
tử,353
bảo tồn,353
liên lạc,353
Nói,353
căn cứ,353
đa,352
kẹt cứng,352
đuổi theo,352
Còn về,350
so,349
đẩy nhanh,349
Ban Bí thư,348
kiêm,348
Trả lời,347
cúng,347
Tổng cục,343
sát hại,343
tò mò,342
phụ Thu,342
với nhau,340
xe con,340
đòi,339
Nghiên cứu,339
nổi,338
Thiệt hại,338
máy điện,338
điều chuyển,337
hiện có,337
co,337
rút,336
nháo nhào,336
thương,335
pháp y,334
Cứu,334
thể,334
tiết kiệm,333
đựng,333
đổ bộ,331
chúc,330
động,329
giáp,328
của ông,328
văng,327
Lúc này,326
Tuyến đường,326
gửi lời,326
trình báo,326
đề cập,325
bảo quản,325
thì có,324
rò rỉ,324
cổ phần,324
quá khích,324
chảy máu,323
Phát biểu,321
đam mê,320
tâm bão,320
vỡ,320
ban hành,320
lấn,320
làm chủ,319
tẩu thoát,318
nghe tiếng,318
kiểm lâm,318
lựa chọn,318
Cán sự,316
quái,316
gom,316
xâm hại,316
hiệu lực,316
Danh tính,316
từ chối,316
vướng mắc,316
lắng nghe,315
ý thức,313
di,313
đi chợ,313
có mùi,312
bảo hiểm,312
lan truyền,312
hấp hối,312
bí,312
Tuyên truyền,312
sinh dục,312
viêm,312
tịch thu,312
nắm bắt,312
hợp danh,312
biến,311
còn lại,309
Thi thể,309
thỏa đáng,309
xe cứu hỏa,309
kiểm,309
cao tốc,308
ghé,308
Đáng,307
Tổng hợp,306
trộm cắp,305
đi dạo,305
loạn xạ,303
Lo sợ,303
lắp đặt,302
tàng hình,302
Sập,302
tự tử,301
bắt nạt,299
ba mẹ,299
tự tin,299
đề án,298
đoạn giao,298
nợ,298
đến giờ,297
kết thúc,296
liên hệ,295
Bộ Tư pháp,295
cộng,295
Kinh doanh,295
đứng dậy,294
nói gì,293
qua mặt,293
ngập lụt,292
Cùng với,292
tổng thể,291
loại bỏ,291
học tập,290
gần đây,288
ký kết,288
cải cách,288
tắm,286
nghiền,285
phát tán,285
ứng phó,284
chuyển dịch,284
lạng lách,284
Chỉ đạo,283
công tâm,282
xét,282
né tránh,282
tự nguyện,282
cản,282
Lãnh đạo,282
trưng cầu,282
bác bỏ,282
giải trình,281
đi ở,280
chia,279
quảng cáo,279
tính toán,279
trụ,279
kêu,278
thường trú,277
Tiếp,277
ném,276
đua,276
tự thiêu,274
rượt,274
m,274
thoát nạn,274
quản trị,273
chấn chỉnh,273
tăng trưởng,273
Trong khi,272
ngủ,271
ứng xử,271
mắc cỡ,270
Dự kiến,269
cảm ơn,269
Trong lúc,269
đồng bộ,268
tra của,268
biến dạng,268
tốn,268
tường trình,268
biến đổi,268
ập,267
uống thuốc,267
bài toán,266
cấu trúc,266
thi đấu,266
Hạ tầng,266
đảm nhận,266
chẵn lẻ,266
Cụ thể từ,266
chết đuối,266
kiếm,265
cố định,264
hoang mang,264
né,263
ứng,263
đối mặt,262
chìm,262
giết mổ,262
giải thích,261
Kiểm tra,261
tê liệt,261
tin,260
dọn,260
truy tìm,259
chủ động,259
hàng ngày,259
phê duyệt,257
vinh danh,257
tố cáo,257
mỉm cười,256
Cần,256
vay mượn,256
lễ tang,256
tưởng,255
nhà thầu,255
đào,254
choảng,254
gợi ý,254
Vào khoảng,254
chấn thương,254
chữa trị,254
ám ảnh,252
gấp,252
hướng,251
chiếm đoạt,250
chờ đợi,250
khoan,250
sụt,249
không ai,248
Báo cáo,248
buôn bán,247
chụp ảnh,247
khuyến khích,247
thỏa thuận,246
cua,246
vấp,246
Xe buýt,246
Chi nhánh,246
học hỏi,245
ngược,245
lượng mưa,244
đánh đập,244
bước vào,244
mặt đường,244
tuân,244
như trên,243
kiến nghị,243
dâng,243
dầu máy,243
trèo,242
nghỉ ngơi,242
thể hiện,242
nghiệm thu,241
xôn xao,241
thăm dò,240
sạt,240
báo động,240
quật ngã,240
l,240
la hét,240
lộ,240
Tìm kiếm,240
tiêu thụ,240
hư danh,240
cứu thương,240
cấp nước,239
hoạt,239
vây,238
phòng bệnh,238
sưng húp,238
bầm dập,238
lừa đảo,238
Trưởng phòng,238
tiên lượng,238
hộc máu,238
chỉ,238
va quệt,237
thì phải,237
rẽ,236
tập hợp,235
cược,234
thổi,234
gục,234
Đánh giá,233
sơn,233
cung,232
khác nhau,232
phát biểu,232
Viện kiểm sát,232
bơi,232
Tổng cục trưởng,232
cấp trên,232
điều trị bệnh,232
phiền hà,232
thở,231
Theo dõi,231
phân công,230
chửi bới,230
chòi,230
nỗ lực,229
đành,229
phòng ngừa,229
siết,229
khiếu nại,229
chỉ có,229
tâm sự,228
nguồn lực,228
thí sinh,228
chỉ cần,228
rú,228
tắc trách,228
đuổi,228
khống,228
cẩu,227
hút,227
tuyến đường,226
nhắc nhở,225
tiếp theo,224
tiếp diễn,223
đánh đổi,222
có lỗi,222
cho là,222
thu hoạch,222
bình luận,221
đồng đều,221
minh bạch,221
lướt,220
thanh toán,219
xẩy,219
sơ cứu,219
trị giá,218
ngăn ngừa,218
có giá,218
bậc thang,216
giải trí,215
thắng,215
hứa,214
la,213
du học,212
biểu dương,212
chúng em,212
sở hữu,212
bỏ hoang,212
bơm,211
cầm lái,211
Thanh tra,210
thảo luận,210
phí của,210
thương thảo,210
tiềm ẩn,209
xô xát,208
về sau,208
một lần,208
tán thưởng,208
Tiếp nhận,208
Chánh Văn phòng,208
biễu,208
mẩn,208
hàm lượng,206
tham quan,206
đột nhập,206
bảo trì,205
học hành,204
bộc lộ,204
trơ,204
dàn cảnh,204
trưởng ban,204
dạy,202
lang thang,201
sơ ý,201
đối thoại,201
tòa,201
biểu diễn,201
khai trương,200
dứt điểm,199
gầm,199
làm lễ,198
đe dọa,198
khiếp vía,198
dậy,198
chết người,198
ở lại,198
phạm pháp,197
nhặt,196
can,196
Chủ sở hữu,196
Bộ luật,196
mưa lũ,195
sấy,194
Quy mô,194
suy giảm,194
suy thoái,194
rủ,192
Bị,192
rỉ,192
trọng tâm,191
can thiệp,191
thua,190
tốc,190
bực tức,189
tá,188
Vào,186
điện báo,186
cùng chung,185
khuyên nhủ,184
sốc,184
nghiện ngập,183
chí thú,183
nghiện,183
hiếp dâm,183
tranh,183
quan hệ,183
giết người,183
ma túy,183
sa ngã,183
Sát thủ,183
trình diễn,182
treo,182
giờ phút,182
vay,182
ngứa,182
tự hào,182
trung chuyển,182
trách móc,182
Làm việc,181
neo,181
nguy kịch,180
từ ngày,179
hy sinh,178
lưu ý,178
hành,177
băng,177
thảm khốc,177
trải,176
gắn bó,176
nhân,175
mạo hiểm,175
cây xanh,174
nhìn thấy,174
bước,174
cài,174
trong vòng,174
bầu,173
sụp,173
vệ sinh,173
bugi,172
giao dịch,172
chỉ tay,172
Hiện có,172
Ô tô,171
giật mình,171
Bên cạnh,171
cùng với,170
xót thương,170
trở lên,170
dịch,169
báo hiệu,169
chỉ định,169
thiết lập,169
qua đường,168
kỳ vọng,168
cấp điện,168
đồng,168
hoàn tất,168
cãi nhau,167
làm cho,167
cao tầng,167
nói là,167
túm,167
thoát hiểm,167
phát huy,166
nguồn điện,166
xét xử,166
kìm,164
hành nghề,164
xe kéo,164
ăn năn,164
bằng lòng,164
áo xanh,164
gào,164
nghèo khổ,164
đền,164
vẽ,164
án ngữ,164
giết,164
đèn chiếu,164
Sử dụng,164
chằng chịt,164
phân trần,164
phẫn nộ,164
động lực,163
ngăn,163
đột quỵ,163
đường tàu,162
hất,162
Đình chỉ,162
trát,162
tàu hỏa,162
đi học,161
chỉ dẫn,161
mò,161
giáng cấp,161
thượng úy,161
lưu hành,161
cấp bậc,161
bồi dưỡng,161
nhích,161
mùng,161
rửa tiền,160
Bộ luật Hình sự,160
lý giải,160
lùi,160
té,160
sáng ngày,160
hi sinh,160
độ Kinh,160
nghẹn ngào,160
khởi hành,160
áo giáp,160
hiệp sĩ,160
Viện Kiểm sát,160
ngưng,160
thừa,160
ước tính,159
Mốc,159
tiềm năng,158
công vụ,158
Đập,158
vướng,158
dò,158
dẫn đầu,158
bồi lấp,158
bổ dưỡng,158
luồng,158
chấp thuận,158
hoàn trả,158
thanh,158
rung,158
Du lịch,158
Thường trực,157
quán triệt,157
Thực hiện,157
tinh gọn,157
tương thích,157
xuất viện,157
viên chức,157
Nội chính,157
gia cố,157
cắt cử,156
tặc,156
đề cương,156
lợp,155
tường ốp,155
Phòng,155
nhà trên,155
đau buồn,155
tàn,155
rớt,155
răng hàm,155
thuộc địa bàn,154
con dâu,154
tiến tới,154
xếp hàng,154
rạng sáng,154
lo ngại,154
thiệt mạng,154
lúc này,154
chạm,154
Thêm,153
chiều nay,153
vứt,153
Đọc,153
khổ chủ,153
máy tay,153
ngang,152
tại nhà,152
nằm sát,152
mực nước,152
cự,152
họp mặt,152
lời,152
qua cầu,152
siết chặt,152
buôn lậu,151
đồng minh,151
biên chế,151
khủng bố,151
chuyến,151
giao phó,151
tàu chiến,151
luận,151
lên đường,151
thành viên,151
hải quân,151
lục,151
thủy thủ,151
xã giao,151
đón tiếp,151
tờ rơi,150
thu giữ,150
nilon,149
dọn sạch,149
cắm,149
Xe ben,149
vãi,149
chất,149
thụ lý,148
kề,148
vô can,148
đóng góp,148
chuyển đổi,148
sảnh,148
Chỉ có,148
ban ngành,148
khai mạc,148
đảm đang,147
kiên định,147
góa,147
đã là,147
miễn trừ,147
yêu thương,147
khả quan,146
điều động,146
Âm lịch,146
mừng,146
xúi giục,146
Phân tích,145
sơ kết,145
chính quy,145
đại đa số,145
gạt,145
liên tiếp,145
cũ kĩ,145
Yêu cầu,145
cắt xén,145
lãnh đạo,145
Kiểm điểm,145
tùy,145
cô gái,144
gián đoạn,144
khẳng,144
làm đổ,144
phụ giúp,144
Trước khi,144
tự ái,143
kinh ngạc,143
cho thuê,143
xe bọc thép,143
Gặp,143
nhốn nháo,143
nể,143
đâu mà,143
Quy định,142
tương xứng,142
cột sống,142
Phạt,142
tỉnh ủy,142
Căn cứ,142
ăn giỗ,142
trực tiếp,142
dải,142
Xác minh,142
danh tính,142
Sau đó,142
điều tiết,141
chụp hình,141
chống chế,141
ngại,141
diễu,141
nhớ,141
camera,141
cố ý,141
loan,141
Tính từ,141
kêu cứu,140
phân chia,139
tiêu cực,139
e,139
hữu,139
phân loại,139
góp vốn,139
rẻ mạt,139
đứng tên,139
lãi,139
chứng nhận,139
hiểu biết,139
lùm,139
nhập nhằng,139
chọn,139
quyền sở hữu,139
vê,139
Thành ủy,139
công khai,139
tuân thủ,139
nhảy cầu,138
đấu giá,138
rạng,138
Lợi dụng,138
bắc,138
phụ lục,138
cơ sở hạ tầng,138
quần thảo,138
giá bán,138
khi nào,137
nhậu,137
thường trực,136
bên ngoài,136
gặp mặt,136
đập,136
đứng đầu,136
mấp mô,135
tụ,135
tải trọng,135
đối,135
từ đó,135
định số,135
Đường sắt,135
trồi,135
cục bộ,135
trào,134
thẳng thắn,134
đáp,134
thị,134
phỏng,134
cân nhắc,134
triều cường,134
chực,134
chỉnh,134
Thoát,134
xà bần,134
làm kiểu,134
Xuống,134
nghẽn,134
giải,134
trầm mình,134
đẩy mạnh,134
nghẹn lời,134
đường cao,134
nan giải,134
theo kịp,134
lúc đó,133
cơ giới,133
đổ xô,133
chủ đạo,133
đặt hàng,133
hức,133
cấp báo,133
tờ trình,133
sơ tán,132
may,132
xét nghiệm,132
kiến tạo,131
căn nhà,131
trọng điểm,131
tích tụ,130
thắp hương,130
Nhờ,130
mê tín,130
thu mua,130
thần bí,130
lâu ngày,130
phiến,130
bất chấp,130
bọt biển,130
khuôn viên,130
Đổ xô,130
đổ mưa,129
Tư vấn,129
Mở đường,129
Chỉ huy,129
lắp ghép,129
đảm,129
có một,128
đại sứ quán,128
thành tâm,128
không dám,128
bố mẹ nuôi,128
bảo lãnh,128
gái này,128
mảnh đất,128
quyên góp,128
Học,128
nhôm,128
đôn,128
đồng cảm,128
thân thương,128
Cũng như,128
Nghe tin,128
thầu,128
tương tác,128
mong mỏi,128
ra đi,128
nghĩa vụ,127
sơ bộ,127
xước,127
nói rõ,127
xin phép,127
lần,127
ngoài da,127
định vị,127
đầu từ,127
bị hại,127
bấm,127
Thái không,127
Cầu Diễn,127
chép,127
tỉnh táo,127
đất đá,126
lúa mùa,126
Phòng chống,126
xung yếu,126
phạm,126
hè thu,126
cầu treo,126
Còn,126
chậm trễ,126
Mưa lũ,126
ta luy,126
cuộc họp,125
Tổng cộng,125
treo cổ,125
đuốc,125
Cúng,125
vật vã,125
Hốt hoảng,125
đồng hành,124
thách thức,124
Bến xe,124
hỗn hợp,124
sưng,124
lũ ống,124
trực diện,124
quẹt,124
rẽ ngang,124
tố tụng,124
răn đe,124
làm gương,124
thôi việc,124
Dừng,124
Cách,124
xà lan,124
lặn,124
đèn đỏ,124
xử,124
phong toả,124
Lạm dụng,124
Giẫm,123
dọc đường,123
Vô tình,123
Hiện trường,123
giẫm,123
tô,123
cất giữ,122
trọ,122
quân phục,122
cân bằng,122
Quang tổng hợp,122
đỡ,122
vương vãi,121
mọc,121
Chia sẻ,120
hê,120
bất cập,120
suy,120
hôn mê,120
sinh tồn,120
Tập quán,120
hưởng ứng,120
loang,120
bắt gặp,120
hỏng,120
thực trạng,120
bờ biển,120
hủy diệt,120
hiện tượng,120
đắm,120
đẻ,120
vượt mức,120
vạn chài,120
tổn thất,120
quá mức,120
thu gom,120
Báo động,120
hoạch định,120
san hô,120
hợp lý,120
hội chẩn,120
trụy,120
tư duy,120
Nước thải,120
gắn liền,120
phá hủy,120
dầu khí,120
bãi triều,120
đa dạng,120
đa dạng sinh học,120
Ô nhiễm,120
di dân,120
chứa đựng,120
Đơn cử,120
axit,120
phạt,120
Đi kèm,120
Cho rằng,120
biến thái,120
tảo,120
chỉ số,120
sống còn,120
lối sống,120
xuất trình,119
lạ mặt,119
bao vây,119
mang nặng,118
dựa dẫm,118
Nghị định,118
tuôn,118
hỏi thăm,118
ăn học,118
mất mát,118
suy sụp,118
họa,118
khập khiễng,118
thắp,118
khủng khiếp,118
nội trợ,118
nương nhờ,118
già yếu,118
để trống,118
bốc xếp,118
đi làm,118
sống sót,118
quát,118
bơ vơ,118
quặn thắt,118
an táng,118
nhiễm trùng,118
ứng dụng,118
nhơ,118
khám bệnh,118
bánh xe,118
bủn rủn,118
cảnh tượng,117
cóc,117
cắm chốt,117
ăn không,117
bản doanh,117
ngang nhiên,117
túc trực,117
nghe ngóng,117
làn,117
Xe khách,117
nghi ngờ,116
bắt giam,116
giới thiệu,116
biết gì,116
tiên tiến,115
nghẹt,115
chen lấn,115
tỷ lệ,115
khảo sát,115
chia buồn,114
thiên tai,114
Lời giải,114
song hành,114
Mang,114
Đem,114
từ đường,114
Phó Viện trưởng,114
đến ngày,114
siêu âm,114
đồng tình,114
Thay mặt,114
đói,114
giao ca,114
boxing,114
gầm rú,114
chia cắt,114
lập quy hoạch,114
thông suốt,114
biết Việc,114
Đến giờ,114
thiết yếu,114
mặc kệ,114
tấp,114
ê kíp,114
không khỏi,113
trễ,112
trôi dạt,111
buồn,111
thư xã,111
đánh bắt cá,111
không phải,111
trông vào,111
lượn lờ,111
ít khi,111
từ tạ,111
thực hư,111
bơi nghiêng,111
xử lí,111
cá lồng,111
cá giống,111
Tìm,111
Khai thác,111
Chi cục trưởng,111
tay trắng,111
ngạc nhiên,111
Bảo vệ,111
bán kính,111
thủy,111
thủy sản,111
anh nuôi,111
Nuôi trồng,111
trấn an,111
Loại hình,111
chỏng vó,110
án mạng,110
kể lại,109
gặn,108
cao ốc,108
tróc,108
cháy đen,108
bong,108
người thợ,108
Hoảng loạn,108
Trang bị,108
chiếm dụng,108
gió giật,107
sau lưng,107
giao thông qua,107
bung,107
giảm bớt,107
cabin,107
xẹt,107
cảm thấy,107
chình ình,107
tập luyện,106
yêu đương,106
chưa từng,106
sụt lún,106
yêu mến,106
chúc mừng,106
độ Trước,106
trao,106
thỏa mãn,106
rèn luyện,106
rôn,106
Phát tán,105
Phó Tổng Thanh tra,105
Từ đó,105
thiết thực,105
áp,105
Xử lý,105
Tổng chi,105
cấu thành,105
Đô la,105
trốn,105
chôn,105
trình bày,105
Khu xử lý,105
phù,105
giá mà,105
xem thường,104
dặm,104
xô ngã,104
An ninh,104
Nghe tiếng,104
hò hét,104
cửa kính,104
buông tay lái,104
mong đợi,104
mô tô,104
trật,104
nhân sự,104
điện thoại,104
phân khối,104
đứng thẳng,104
thử,104
quận ủy,104
gia quyến,104
phân biệt,103
cầu vượt,102
huy động từ,101
thục mạng,101
tri hô,101
chắc,100
nhận xét,100
bộ hành,100
phạm luật,100
ngán ngẩm,100
Nhìn,100
ngũ,100
kỳ cục,100
móp,99
nhả,99
Đôi khi,99
vặn,99
gỉ,99
chong chóng,99
cho đến,98
Liệu,98
sản,98
đánh xe,98
nhác,98
flycam,98
tình thế,98
Ngồi,98
bẻ lái,98
đưa đón,98
dây,98
Bồi thường,98
Xét,98
sau đây,98
Đồ ăn làm,97
Đường đi bộ,97
xích,97
ví von,97
xoắn,97
mục đích,97
chỉnh trang,97
chế biến,97
gia công,97
Hợp tác,97
ngày này,97
say sưa,97
lựa,97
cỗ,97
hoàn lại,97
ngắm nghía,97
Pháp thuộc,97
cưỡi,97
lắp ráp,97
hơn hẳn,97
cúng lễ,97
cm,97
mặc cả,97
luân chuyển,97
quen thân,97
kèm,97
nức tiếng,97
nứt nẻ,97
bở,97
làm hàng,97
luộc,97
hớt,97
Xuất hiện,97
Chung quy,97
Chiều rộng,97
bán hàng,97
xáo trộn,96
Nam quan tâm,96
trân trọng,96
hỗ trợ từ,96
dự tính,96
mô phỏng,96
miễn,96
Bảo trợ,96
khắc,96
khám xét,96
lâm,96
hảo tâm,96
đường dài,96
thông cảm,95
hiện,95
bao bì,95
câu,95
hy vọng,94
Cửa ra vào,94
chật hẹp,94
nứt toác,94
soát vé,94
bỏ không,94
bị can,94
nhập khẩu,94
máy quét,94
cường lực,94
mái nhô,94
tồn tại,94
bất thành,94
trống hoác,94
bùng cháy,94
ốp,94
hoen gỉ,94
sang năm,94
tuyển,94
Lý giải,94
thăng tiến,94
cầu cứu,93
xúc phạm,92
chịu tiếng,92
chuyên chở,92
năm nay,92
lăng mạ,92
thu dọn,92
nào đó,92
dọa nạt,92
trị,92
trồng,92
hoá,92
ngăn cản,92
dung tục,92
xa lánh,92
nhẫn,92
Tới,92
định hướng,92
rửa sạch,92
quét,92
Mượn,92
nhắc,91
bỏ rơi,91
vượt qua,91
hãnh diện,91
đón nhận,91
chuyên dùng,91
chào đón,91
truyền thông,91
bật khóc,91
Niêm yết,91
rúng động,91
kẹp,91
tình cảm,91
thương yêu,91
nhận biết,91
đặt chân,91
hành hung,90
barie,90
khai quật,90
triệu tập,90
bồn,90
lộn,90
Cai,90
công chức,89
căng,89
duy trì,89
tung,88
Tính,88
ngã nhào,87
trà trộn,86
phá rối,86
tìm ra,86
đập vỡ,86
đo lường,86
đoán,86
xác đáng,86
kiểm nghiệm,86
trị số,86
quen biết,86
bạo loạn,86
lưu huỳnh,86
vòng,86
Định,85
kích hoạt,85
Đi,85
cứu chữa,85
Hậu quả,85
cơn sốt,85
xe khách,85
Trở lại,85
hú,85
xem nhẹ,84
khoan hồng,84
chất cháy,84
kỹ năng,84
biện pháp,84
giao ban,84
hại,84
gõ cửa,84
mặt nạ,84
đặc thù,83
quan phòng,83
ngắt,83
Pháp chế,83
đòi hỏi,83
khôn lường,83
tẩm,82
vác,82
quá khổ,82
vang,81
đi xin,81
lênh láng,81
môt,81
se,80
nghĩa khí,80
Nhận xét,80
ăn trộm,80
người làm,80
cướp giật,80
mất lòng,80
an nghỉ,80
chính nghĩa,80
ra quân,80
truyền đạt,80
quân tịch,80
tự vệ,80
tự hỏi,80
tiếc thương,80
không hề,80
thân hữu,80
làm vậy,80
tiễn đưa,80
hỗ trợ thì,80
bắt được,80
góp sức,80
trợ cấp,80
tưởng niệm,80
chùn,80
sảy,80
môtô,80
đi tuần,80
thù lao,80
tiếp thu,79
cảnh giác,79
Nhận định,78
Trời ơi là,78
đơn giá,78
sôi động,78
tòa án,78
quái vật,78
dự luật,78
sứa,78
Đại biểu,78
hé,78
qua đời,78
giằng co,77
tát,77
Điều tra,77
Không phải,77
Hình ảnh,77
vắt,77
hồi phục,77
sum họp,76
cầu xin,76
tiếc,76
đeo đuổi,76
đơn xin,76
lôi kéo,75
in,75
mắc mưu,75
in ấn,75
tắc nghẽn,75
phản động,75
lồng ghép,74
dựa,74
sáng tạo,74
nghị sự,74
phân bổ,74
toàn thể,74
sức sống,74
gởi,74
nhà ga,74
nhận diện,74
cảnh quan,74
cấp bách,74
trở nên,74
khôi phục,74
bàn tròn,74
tham dự,74
bàn,73
ngày lễ,73
để lại,72
tiền đồng,72
Vi phạm,72
mini,71
đùn đẩy,71
ngất xỉu,71
Trợ lý,71
tâm,71
Đứt,71
cất,71
Giải trí,71
chạy lại,71
để cho,71
hợp đồng,71
bấm nút,71
align,70
http,70
center,70
px,70
png,70
_n,70
Điều hành,70
quản,69
ví,69
Hoàn tất,69
chức danh,69
hoang,69
Tiên Hoàng đế,69
ha,69
đến nay,69
trộm,69
Non nước,69
nhà thi đấu,69
tác,69
Chủ trì,68
nghỉ phép,68
ra đời,68
lấy lại,68
trả phép,68
Tuyên giáo,68
chuyên viên,68
thủ trưởng,68
rốt,68
chấp,68
nhiệm sở,68
Thi đua,68
báo giá,68
cảnh vệ,68
xô đẩy,68
cầm đầu,68
chữa bệnh,68
Buộc,68
nhắm,68
nhắm mắt,68
cập nhật,68
phổ biến,68
bồi,68
táp,66
kiểm chứng,66
Dùng,66
ngăn cấm,66
thất thần,66
Đến thời điểm,66
ngạt,66
giải thoát,66
dịch chuyển,65
đánh ghen,65
bó,65
kỷ niệm,65
cáp,65
sàng,65
lốp,65
móc,65
ván khuôn,64
Trở về,64
xuất khẩu,64
giáo,64
Hữu hạn,64
Giám sát,64
phương tiện,64
ngây dại,64
chống đỡ,64
nghe nói,64
xà,64
duyệt,63
Quốc hội,63
tự vẫn,63
vùi dập,62
đụng,62
Hưng chạy,62
cố,61
trương,61
dạo,61
Mặc,61
Học viện,61
củng cố,61
đùm bọc,59
ống dẫn,59
kè kè,59
con rể,59
gác cổng,59
co quắp,59
cắn răng,59
ăn,59
góp ý,59
chi nhánh,59
ập đến,59
chơi đùa,59
chua xót,59
Tuýt,59
đun,59
dự thảo,59
Hiếm có,59
em rể,59
công nhân viên,59
cứng nhắc,59
hợp hiến,59
hiện hành,59
cạnh tranh,59
Còn lại,59
ăn uống,59
xem lại,59
bên cạnh,59
’,59
pha,59
trái gió,59
nhất trí,59
rầu rĩ,59
nước tiểu,59
phẫu thuật,59
nhịn,59
sôi,59
trờ,59
trở trời,59
trông cậy,59
tiết niệu,59
lặp lại,59
tác động,59
nhín,59
nghị định,59
liệt,59
quá hạn,59
nguôi ngoai,59
lặp,59
mật độ,58
áp sát,57
định giá,57
nhắc lại,57
lợi ích,57
xuất nhập khẩu,57
lạm phát,57
hoặc là,57
tiện ích,57
chi,57
lưỡng,57
thúc đẩy,57
đau đầu,57
hấp dẫn,57
cập thì,57
có hạn,57
yếu tố,57
kinh,57
danh mục,57
phái sinh,57
xích lại,57
trái phiếu,57
Chung,57
mỗi một,57
then chốt,57
ơ,57
thời tiết,57
cứu cánh,57
phát huy hiệu quả,57
Xin,57
đường thủy,57
có lợi,57
tin tưởng,57
gặp phải,56
khen ngợi,56
khuyến cáo,56
nương,55
đánh chết,55
tử thi,55
buôn,54
rong,54
điều hòa,54
Sập giàn giáo,54
tan tầm,54
giữ gìn,54
Ghi nhận,54
chôn vùi,54
rao,53
trải nghiệm,52
lẹ,52
rưỡi,52
gặm,52
đặc khu,52
lặn lội,52
quan trắc,52
hoảng sợ,52
hôm sau,52
tranh thủ,52
thí điểm,52
con nít,52
loại hình,52
nôn nao,52
hối,52
bến tàu,52
xe tay,51
phanh,50
e ngại,50
Hoảng sợ,50
đành chịu,50
vuốt,50
làm bằng,50
kế tiếp,50
Cảm thấy,50
chật cứng,50
ủy,49
tranh luận,49
lăn,49
sinh tử,49
đóng băng,49
độ cao,48
Lâu ngày,48
sinh ra,48
đúng đắn,47
động từ,47
bao che,47
đúng với,47
nâng đỡ,47
để vợ,47
vị,47
khiếp sợ,46
bất đồng,46
gán,46
hăm dọa,46
thương tâm,46
chóng mặt,45
nghi vấn,45
phục,45
mùi khét,44
lưu trú,44
tận dụng,43
an ủi,42
Đi học,42
nấu ăn,42
ngược xuôi,42
loanh quanh,42
Bởi vậy,42
thức giấc,42
khoe,42
lo toan,42
dự chi,42
như thường ngày,42
cầu mong,42
hòng,42
ngoan,42
đầm ấm,42
lêu lổng,42
cứa,42
sốt ruột,42
gánh vác,42
lã chã,42
phạm tội,42
khen,42
mải miết,42
tra,42
Giá mà,42
sức khỏe,42
làm nên,42
bồi bổ,42
khai báo,42
giảm nhẹ,42
luận văn,42
tha,42
rượu chè,42
ăn chơi,42
giúp việc,42
quen,41
băm,41
qui định,41
thở dài,41
Phần nhiều,41
phân cấp,41
Sống,41
nếu không,41
Muốn,41
trong khoảng,41
hành hạ,41
như không,41
chống chọi,41
hoá trang,41
sai,41
xuyền,41
ổ voi,41
tóm,41
giả danh,41
thoáng,41
ghi hình,41
đảm nhiệm,41
bịt,41
nới,41
nhanh tay,40
hồi tỉnh,40
ngụp lặn,40
nước lũ,40
chới với,40
lên bờ,40
bắt cóc,40
dì ruột,40
ý,40
trông coi,40
xa,40
cán bộ đội,40
ì ạch,40
ân hận,40
Thi hành,40
xuống dòng,40
Tới nơi,40
òa,40
đánh cược,39
phân,39
thuyết phục,39
Bên trong,39
Ớn lạnh,39
thót,39
giá đồng,37
Kể từ,37
thấu hiểu,37
điểm nóng,37
rạn nứt,37
đặc trưng,37
gánh,37
sức chứa,37
Tổng công ty,37
tích hợp,37
khuyết tật,37
lưu lượng,37
anh Tuấn,37
quyết tâm,37
biểu tượng,37
buổi sáng,37
trợ giá,37
phút,37
than,37
cả tiếng,37
đi ra,37
Va chạm,36
đứa bé,36
luôn miệng,36
lên cơn,35
se lạnh,35
chập,35
nhiễm lạnh,35
bất động,35
quỵ,35
nhiệt độ,35
Nhiệt độ,35
giữa trời,35
xoay xở,34
quy,34
có phải,34
lật nhào,34
nhiệm,34
điện,34
sầu,34
lui,34
liên đới,34
Bình thì,34
ủng,34
trị vì,33
Đến cùng,33
từ bỏ,33
thất tình,33
sân thượng,33
tỉnh dậy,33
điện toán,32
Kết thúc,32
đâu có,32
chứng minh,32
dân số,32
trông đợi,32
nghe thấy,32
giữ vững,32
trí tuệ,32
tàn dư,31
Con đường,31
Nghi ngờ,31
bao quanh,30
tạt,30
lễ độ,30
hóng mát,30
Mặt trận,30
sa,28
mét,28
chắn ngang,28
thủng,28
vá,28
đậy,28
lan can,28
con đường,27
nán,27
Nhắm mắt,27
hơ,27
tăng giá,26
hệt,26
bán hàng nước,26
quay cuồng,26
khác biệt,26
vùn vụt,26
độc đạo,26
yên bình,26
hốt,26
dễ dãi,26
biến động,26
tái diễn,26
chững,26
cất cánh,26
tái định cư,26
Lộ diện,26
nhập nhèm,26
hạ nhiệt,26
chân trong,26
môi giới,26
chọn lọc,26
xoay quanh,26
lột,26
cấu kết,26
sốt,26
làm công,26
ớt bột,26
nhận thấy,26
bộn,26
thi nhau,26
nhảy múa,26
khởi động,26
thao túng,26
cùng nhau,26
trầm lắng,26
bỏ qua,26
tạp,26
nối đuôi,24
Tin,24
quấn,24
lật úp,23
lật ngửa,23
trợ giúp,23
lãnh sự,23
chức,22
Nghĩ,22
bãi,22
nhiệm chức,22
giải toả,21
hội thảo,21
đồng loạt,21
quy trình,21
trực thuộc,21
nhưDân,21
bàn tính,21
ngân sách,21
tre nứa,21
Cho phép,21
xét duyệt,21
khái,21
Chuẩn bị,21
ngắm,21
thắc mắc,20
ra tay,20
tuyển dụng,20
thoát khỏi,20
người hùng,20
hạng nặng,19
thọ,18
thảm sát,18
vòng tay,18
phong,18
thôi miên,18
rung chuyển,17
vạ,16
đi khỏi,16
sai phạm,16
điều tra của,16
thất thoát,16
rào rào,16
lây,16
Vào khoảng giữa,16
nhà riêng,16
Làm,16
Cố ý,16
nghỉ hưu,16
về hưu,16
siêu thoát,15
linh hồn,15
chạm đất,15
Phải biết,15
Dựa,15
để cách,15
lỗi thì,15
hằn,15
thư điện tử,15
Nghệ An tiến hành,15
kế toán trưởng,15
tự sát,15
hạn,15
sửa đổi,15
tham khảo,15
kiên trì,15
nóng tính,15
ngờ,15
Sửa đổi,15
đúng mực,15
trăng khuyết,15
bác ruột,15
phù nề,15
mà lại,15
biết Có,15
mô tả,15
trôi qua,15
công điện,14
trọng,14
nước mắm,13
người bị hại,13
đối xử,13
Đa phần,13
mắng chửi,13
thứ ba,13
lôi,13
ớt,13
ngoại tình,13
lột trần,13
rùng mình,13
xấu hổ,13
đe doạ,13
dội,13
phá vỡ,13
truyền,13
Quốc lộ,12
tang lễ,12
di động,12
trọng thể,12
trượt chân,12
viếng,12
có vợ,12
dẫn điện,12
dây điện,12
một chiều,12
mưa như trút,12
Lộ trình,12
minh họa,12
truy điệu,12
truy tặng,11
nhảy dù,11
giây phút,11
hạng Nhất,11
phấn đấu,10
lùng sục,10
đứng ra,10
đập chết,10
dán,9
nhấc,9
phản quang,8
trục,8
xém,8
đùng đùng,8
nhuốm màu,8
che,8
Mặt đường,7
tắc,7
rau muống,6
tổng hợp,6
Huân cũng,6
Huân đều,6
làm ruộng,6
suy nghĩ,6
vây quanh,6
giăng,6
lường,6
đốt cháy,6
lam,5
sai lầm,4
khởi,4
Hủy hoại,4
vong,4
vu,4
Huân chưa,4
thức,4
dẫn hướng,4
nghịch ngợm,4
tru,4
biến thế,3
Toàn cảnh,3
Vật thể,3
ma trận,3
chen chúc,3
cải thiện,2
khốn đốn,2
tự đẩy,2
