người,61674
xe,58356
đường,35930
khi,35907
dân,25140
ngày,24348
Công an,23696
sau,21671
tỉnh,21441
huyện,20121
xe máy,19483
nhà,18166
giao thông,16310
việc,15860
vụ,15537
quận,14675
xã,14275
số,14048
hiện trường,13644
vụ việc,13549
lực lượng,13224
tuyến,13144
phương tiện,12909
Bộ,12851
nước,12629
ô tô,12602
đất,12484
tài xế,12410
phường,11685
biển,10945
khu vực,10906
gia đình,10679
thông tin,10415
đoạn,9805
tai nạn,9727
năm,9534
trên,8373
đầu,8258
Sau,8217
thành phố,8199
cầu,8173
tháng,7896
tuổi,7850
cơ quan,7819
nguyên nhân,7807
phía,7649
xe buýt,7473
dự án,7358
công tác,7357
bên,7206
công an,7159
chức năng,6768
sáng,6722
đơn vị,6680
xe tải,6563
Cảnh sát,6454
thanh niên,6345
quy định,6283
vùng,6147
Sở,6087
thời gian,6070
nơi,6043
địa phương,6026
Công ty,5964
chiều,5882
sự việc,5744
tầng,5723
sự,5469
khách,5377
tàu,5287
đàn ông,5264
nạn nhân,5263
mạng,5207
Phòng,5197
bé,5145
chủ,5127
lãnh đạo,5062
trâu,5026
sông,4987
giờ,4970
khoảng,4969
hành khách,4832
clip,4829
môi trường,4640
xã hội,4632
Khi,4617
cảnh sát,4492
con,4425
Quốc lộ,4419
cá,4402
hệ thống,4395
cá nhân,4310
vợ chồng,4277
khu,4234
pháp luật,4173
trách nhiệm,4157
hành vi,4135
Ban,4081
lớp,4079
nhóm,4009
Trước,3985
tình trạng,3972
địa bàn,3971
chỗ,3967
lửa,3940
nam,3859
vấn đề,3840
chung cư,3833
Ngày,3768
trường hợp,3730
phố,3712
sự cố,3680
cơ quan chức năng,3630
cao tốc,3629
công trình,3595
Hiện,3575
gỗ,3561
Chủ tịch,3560
Ảnh,3530
cán bộ,3499
nguồn,3450
cảng,3448
Giám đốc,3424
quá trình,3360
đường sắt,3328
Trung tâm,3318
hướng,3295
đối tượng,3280
cửa,3244
lần,3210
đường bộ,3186
chợ,3162
trước,3135
Bệnh viện,3126
đô thị,3120
tin,3081
nội dung,3073
hiện nay,3057
Thông tin,3056
nạn,3036
quốc lộ,3034
loại,3026
lái xe,2985
Cục,2970
lúc,2960
chuyến,2939
nhau,2904
phí,2902
hộ,2902
thời điểm,2873
phần,2868
em,2866
tiền,2822
tài sản,2818
Lực lượng,2812
Chính phủ,2809
Dân trí,2803
tuyến đường,2796
báo,2787
công nghệ,2782
thôn,2743
vụ án,2735
quyền,2732
tay,2725
công nhân,2691
gái,2677
vị trí,2656
kinh tế,2639
bến,2615
vợ,2603
toà,2602
Giao thông,2592
ý kiến,2580
thi thể,2572
ban đầu,2542
Việc,2541
Bí thư,2537
cách,2532
bão,2513
mẹ,2510
Bộ trưởng,2495
điều kiện,2485
đá,2476
chất lượng,2466
bãi,2465
Đội,2448
nữ sinh,2421
sau đó,2417
kết quả,2415
hiệu quả,2399
ngoài,2387
dân cư,2385
giá,2379
khói,2366
cảnh,2355
rác,2351
Môi trường,2349
chất thải,2341
đồng,2333
phòng,2327
ngành,2325
ga,2320
biện pháp,2316
hiện,2314
hàng,2313
trung tâm,2305
cơ sở,2283
buổi,2255
sân bay,2247
nữ,2239
Vụ,2225
tổ,2205
dịch vụ,2198
xăng,2197
ruộng,2194
nhà nước,2161
hợp đồng,2140
Dân,2124
bệnh viện,2122
bộ,2120
trạm,2109
doanh nghiệp,2105
Cơ quan,2075
điểm,2072
Trung ương,2068
quyết định,2060
tình hình,2060
đề án,2058
chính quyền,2042
dầu,2028
màu,2027
văn bản,2004
bệnh nhân,2001
Tài xế,1999
Vụ việc,1990
bê tông,1981
điện,1979
hình sự,1958
Điều,1929
bác sĩ,1919
Sáng,1899
kế hoạch,1889
đợt,1879
công cộng,1866
phút,1855
cạnh,1850
xảy ra,1847
Thanh tra,1843
lỗi,1826
vết,1824
hậu quả,1817
nhân dân,1784
không khí,1764
tội phạm,1763
cuối,1750
công nghiệp,1739
công việc,1738
mặt bằng,1736
Tài nguyên,1730
xe ben,1715
công ty,1706
rắn,1700
bạn,1694
Khu,1693
hồ sơ,1691
Viện,1687
dấu hiệu,1684
trụ sở,1676
nguy cơ,1676
cầu vượt,1671
dịp,1661
Xe,1657
đường cao tốc,1657
hạ tầng,1656
dải,1647
nhu cầu,1645
phụ nữ,1632
hình thức,1632
Chiều,1632
đêm,1631
bị can,1629
Thiếu tướng,1624
báo chí,1621
bụi,1598
Tổ chức,1595
trai,1591
giai đoạn,1586
lượt,1586
Đại tá,1579
mặt,1579
tổng,1572
Dự án,1569
Thành ủy,1561
dầm,1559
chương trình,1556
kỳ,1554
bùng cháy,1552
lời,1544
phóng viên,1544
nhân viên,1538
hành chính,1535
chuyên gia,1522
thanh,1519
Hiện trường,1514
a,1509
cơn,1501
đường phố,1487
nhựa,1473
quy hoạch,1461
quê,1459
lượng,1452
hình ảnh,1447
sắt,1443
hầm,1436
khối,1436
mũi,1434
mặt đường,1427
tội,1412
browser,1411
this,1411
supports,1411
enable,1411
upgrading,1411
and,1411
thành viên,1409
cổng,1398
tiếng,1394
quy mô,1385
an ninh,1382
núi,1381
bờ,1375
trật tự,1373
thủ tục,1372
địa phận,1368
quốc gia,1367
đám cháy,1363
Thời điểm,1358
Thủ tướng,1349
Bên,1349
chân,1343
Khu vực,1339
nhiệm vụ,1336
Nhân viên,1331
cầu đường,1323
tối,1320
xe cứu hỏa,1313
xe kéo,1312
anh em,1309
cơ giới,1299
lộ trình,1297
bùn,1295
hàng loạt,1283
ngã tư,1279
giải pháp,1273
đoàn,1273
lũ,1269
tốc độ,1268
nhà xe,1265
vòng,1259
khả năng,1257
vết thương,1257
học sinh,1252
Nhà nước,1251
chuyên môn,1246
con trai,1242
trong,1240
h,1233
Gia đình,1226
kỹ thuật,1226
trường,1222
miền,1221
lề đường,1213
thứ,1209
gạch,1201
điều,1195
bình,1193
khó khăn,1193
hiệp sĩ,1185
xe đạp,1183
máy,1179
mặt cầu,1178
vùng biển,1175
Hiện nay,1171
nguy hiểm,1157
phạm,1155
sân,1149
thực tế,1143
xe khách,1141
cao điểm,1141
gỗ lim,1140
cẩu,1138
ven,1134
sỹ,1134
xung quanh,1131
khối lượng,1128
hoạt động,1114
Thành uỷ,1108
giấy,1105
thiệt hại,1101
trước khi,1100
nhiệt đới,1098
dây,1094
khí,1092
chiến sĩ,1081
căn cứ,1071
bắc,1066
Tổng cục,1065
Công nhân,1064
đấu giá,1054
thủy sản,1053
chồng,1052
giáo viên,1048
buýt,1048
chuyện,1045
chủ trương,1045
Đại diện,1042
dập tắt,1041
khóa,1034
lao động,1029
câu,1026
ngọn lửa,1026
thị xã,1025
lòng,1025
Tỉnh ủy,1024
Nạn nhân,1021
cuộc sống,1018
cống,1010
cầu thủ,1009
lợi ích,1003
trưa,996
Tuyến,989
diện tích,985
hóa,984
người thân,975
ban,974
địa điểm,974
hiện tượng,971
kinh phí,969
chi phí,967
phương án,963
giải,959
dòng,958
Tai nạn,953
điện tử,953
tinh thần,949
l,944
mức,943
cộng đồng,940
nhà tầng,932
bùng,925
đại học,918
đơn,918
Trung tá,914
mùa,914
công,913
Phó Thủ tướng,913
con gái,911
cọc,910
ngôi nhà,908
thép,907
sức khỏe,905
thùng,903
chính sách,903
lý do,901
Quốc gia,895
hẻm,894
y tế,892
mẫu,890
ha,890
cổ,889
Bùn,882
tòa,880
thang,878
mức độ,878
áo,874
bè,872
hôm,870
Cục trưởng,869
Báo,869
đại lộ,868
kiểu,868
cao tầng,863
mẹ con,859
căn hộ,859
nước ngoài,857
vàng,857
chiến dịch,856
tải,855
giấy phép,854
ý thức,849
cây,849
tuần,845
tiến độ,845
gầm,843
lợi,843
Đa khoa,842
rơ moóc,840
đời mới,840
biểu hiện,839
lúa,832
lái,830
mưa,830
quan điểm,828
đại diện,823
bước,816
lan can,815
dầu nhớt,815
Quyết định,814
mương,813
vật dụng,812
Tổng Công ty,810
cho biết,809
quanh,808
dạng,808
Ban Chấp hành,807
Phó Chủ tịch,806
cơ sở hạ tầng,797
nghiệp vụ,796
Trung tướng,792
va chạm,791
Hình ảnh,790
trơn,790
kết cấu,789
đèn,784
phân luồng,783
rạn,783
Quá trình,778
tài nguyên,777
tình thế,776
Ban Bí thư,770
lồng,763
văng,763
Lãnh đạo,763
ảnh,762
Ước mơ,760
quán,759
nỗi,757
hôm nay,755
qua cầu,754
xu hướng,751
Trạm,751
Lao động,750
trời,745
Hải quân Pháp,745
vốn,744
Toà,740
bên trong,739
nhà thầu,739
lĩnh vực,738
hồi,735
cục trưởng,730
trung vệ,728
ôtô,728
ngược chiều,725
dụng,725
khoản,722
Sân bay,720
thị trấn,720
Bánh xe,720
lốp,720
Nguyên nhân,718
giám đốc,716
trụ,714
khí tượng,709
thủy văn,709
san hô,708
tôm,708
bồn,706
cho rằng,705
ngư dân,702
đường dây,702
nắng,701
lịch,699
khói lửa,698
một cách,698
thống kê,695
Dịch vụ,692
chữ,691
chất,688
hư hỏng,688
phần mềm,687
vé,687
con em,685
viện,682
xe ôm,681
thẩm quyền,679
thiếu nữ,679
hiện tại,678
Sự việc,675
đội,674
hãng,672
flycam,672
Thường trực,671
nhân chứng,670
thiết bị,670
đưa vào,667
thân,665
vai trò,665
thế giới,660
lễ,659
Lúc,657
hỏa,656
khoa học,655
rác thải,654
sở,652
cú,651
tương lai,651
lũ quét,649
Vợ chồng,648
giàn giáo,648
khu phố,648
sai phạm,648
nông thôn,646
tên,645
cửa hàng,642
thải,638
thể,638
Khoảng,638
đê,637
thương hiệu,636
thuốc,635
gian,633
diễn biến,633
phép,631
Tết,631
cuộc,628
nền,626
Tổ,624
luật,623
loại hình,621
du khách,620
dây điện,619
thiếu tướng,616
Khoa học,616
mầm non,616
tử thi,612
hiện thực,612
Truyền thông,612
mặt nước,611
ngân sách,610
hiệu,609
việc làm,607
đơn giá,607
sinh viên,606
Nước,605
tiệm,604
thiên tai,604
Xe buýt,602
đảm,602
tổ chức,601
Toàn bộ,600
hết cả,600
vận tải,598
đại biểu,596
Đề án,596
bộ phận,594
đất liền,594
làm người,592
ma túy,592
biếng ăn,588
quy trình,586
cụm,586
vỉa hè,584
cử tri,584
lời khai,582
kiến nghị,581
pháp lý,578
Giai đoạn,577
giá trị,577
trẻ,576
ô,572
tiêu chuẩn,570
diện,570
Thứ trưởng,569
đồng chí,565
ven biển,564
phạm vi,563
mô tô,562
hội đồng,560
thai nhi,560
khung,559
có người,559
nóc,557
nội,556
moóc,555
cabin,554
Thượng úy,553
lối đi,553
Sự cố,552
chính trị,552
nguồn lực,551
Thành phố,551
vật liệu,551
công chức,551
biên bản,550
cho là,550
quân phục,549
kỹ sư,548
danh tính,548
yêu cầu,546
nút,543
bản thân,542
Phó Giám đốc,541
thủy,541
xe ba gác,540
húc,540
Kế hoạch,540
đồ,536
lệnh,535
hợp,534
An ninh,534
chùa,533
cô gái,532
Trước đây,531
Không khí,526
khẩn trương,526
Hiện tại,523
Bộ Tư pháp,522
Đơn vị,522
mũ,522
Trung vệ,520
mạng lưới,520
cấu trúc,520
biến đổi,518
Luật,517
trấn áp,516
chủ nhân,516
xúm,516
hư hại,516
nổi điên,516
hàng không,514
tin đồn,512
Lúc này,512
Văn phòng,512
Đợt,509
bánh,508
bố mẹ,507
ban ngành,506
công viên,504
dân sự,504
trận,503
rụi,502
đăng tải,501
so với,500
đi làm,498
Luật sư,496
chiến lược,496
ngõ,493
học viên,490
hàng xóm,490
nước biển,488
phân khối,487
chắn,486
vực,485
tính chất,485
gốc,483
thói quen,482
hải sản,482
đất đai,480
Hãng,480
Thứ,477
còi,477
kiểm lâm,477
công trường,475
cướp,474
Giá,472
cha mẹ,472
Nghị quyết,471
Phó giám đốc,471
số hiệu,470
điều tiết,470
tình cảm,470
thùng xe,468
kết luận,468
khủng,468
di sản,468
năm qua,466
bao bì,465
đồ chơi,462
rổ,462
kỷ luật,462
container,460
xe chữa cháy,459
tính mạng,459
kinh nghiệm,458
Xã hội,458
Thương binh,458
nước thải,457
bụng,457
hạng mục,456
Phó thủ tướng,456
trung ương,456
nguyên,456
cõi trần,456
ủy,456
trò chơi,455
đất đá,454
hoạn,454
Tàu,453
ranh,452
bia,450
người yêu,450
lát,450
song sinh,448
tàng hình,447
Tin,446
thương tâm,446
Hội nghị,445
độ,445
kính,445
giữa,445
hiện có,444
tháo chạy,444
tầng hầm,444
dụng cụ,444
Viễn thông,444
giữ lại,444
toàn cầu,444
nhà máy,443
bố,443
kim loại,442
mét khối,441
Công viên,440
tờ trình,439
số lượng,439
quan hệ,438
gây rối,437
dư luận,437
cá lồng,436
Đường bộ,436
mặt nạ,436
Số,435
thời tiết,434
nhà ở,433
Chủ nhật,432
của ông,431
sản,431
đu,429
cát,429
lối,429
quan tài,429
tài liệu,427
Phó chủ tịch,427
Quyết định số,426
động,425
Hội đồng,424
Thành đoàn,423
ba gác,423
tông,421
đường bằng,419
dân số,418
lưới,416
sáng ngày,415
mét,415
ngủ gật,413
quý,413
Cổ phần,411
xứ,410
Quốc tế,410
năm nay,409
biến dạng,409
đa phần,409
Công nghệ,408
chân tay,407
khí hậu,407
cha,406
vật thể,405
nhà trọ,405
thách thức,404
cổ phần,404
nguồn tin,404
Trung úy,403
Phía,402
giáo sư,399
con nhỏ,398
Đến ngày,398
điện thoại,397
tính,397
lực,397
đặc khu,396
thục mạng,396
đồng đội,395
thiên nhiên,395
Kết quả,394
Tết Nguyên đán,393
tình,393
dốc,392
Hình sự,392
Nhà,392
cấp thiết,392
báo cáo,391
văn minh,390
Chiến lược,390
tín hiệu,389
nghiêm minh,388
tuần hoàn,388
phê chuẩn,388
cửa ngõ,384
coi thường,384
Sáng ngày,383
câu lạc bộ,382
mục tiêu,381
thực phẩm,380
tình huống,378
tang lễ,378
mini,376
Tập đoàn,376
hòa,375
trũng,374
Tổng công ty,374
trật,372
củi,372
bạn bè,371
trực tuyến,371
bậc thang,368
Cơ sở,368
còn lại,368
khách sạn,367
chức vụ,367
xuống đường,366
lầu,366
mật độ,366
thức ăn,365
Trưởng phòng,363
nhà cửa,361
ngùn ngụt,361
nội thành,360
vn,360
đường tránh,360
cao,358
Mưa lũ,358
tài chính,358
ghi nhận,358
phần lớn,358
dưới,356
nghề,356
đội tuyển,356
trước hết,356
Hành khách,356
Hiệp hội,356
thiếu nhi,355
ngân hàng,355
mg,354
Chi cục,354
sinh thái,354
sàn,354
kết nối,353
Hậu quả,353
can,352
cột điện,352
văn,351
hành động,349
bên kia,349
điện lực,347
Hành động,346
Xe khách,345
trái,344
lý,344
máu,344
tử vong,341
Hệ thống,340
Tuyên giáo,340
công suất,338
Trong lúc,337
sai sót,336
con đầu,336
Lộ trình,335
bảo hiểm,335
trượt,334
vũ lực,332
ngoại tệ,331
Nông nghiệp,330
cơ chế,329
chiều tối,329
danh hiệu,328
Tối,328
bên ngoài,327
đen kịt,326
xe cộ,326
quốc tế,326
sự thật,326
minh họa,326
nước lũ,324
bẻ lái,323
đường làng,322
đi bộ,321
đường bay,320
mâm,320
xô xát,320
chiếu,320
thuyền,319
Chánh Văn phòng,318
chức,318
Kiểm lâm,318
không phải,318
Cao tốc,316
xóm,315
nghị quyết,314
đảng Bộ,314
lòng đường,314
bộ máy,314
tường,313
biển số,313
niềm,312
mía,312
rèn luyện,312
thú,312
Nghị định,312
phong độ,312
mưa lũ,311
tim mạch,310
Thời gian,310
mùi hôi,309
chuyên ngành,309
Trước mắt,308
tư thục,308
sưng,308
Vết thương,308
trang phục,308
sinh thì,308
thương tích,308
đi vào,307
vòi,306
cụ bà,306
thời trang,306
miệng,306
phòng khám,306
đc,306
được việc,306
toàn thể,305
Tần suất,305
miền Bắc,305
giảm thiểu,305
ngập úng,305
giờ phút,304
dang dở,304
bánh xe,304
bến xe,304
Đường,303
chủ nghĩa,303
Chương trình,302
Pháp luật,302
nước mắt,300
chết người,300
giằng co,300
Luật Hình sự,300
con cháu,300
sinh nhật,299
Hôm nay,299
chặng,299
ngã ba,298
sĩ quan,298
thế kỷ,298
thuyền trưởng,298
’,298
con tàu,298
Cùng thời gian,297
bimbi,296
phiên,296
hộ sinh,294
vướng mắc,294
tham nhũng,294
gầy yếu,294
Đảng bộ,294
Cô gái,294
Xe ben,294
hốt hoảng,294
hôm qua,293
qua đường,293
thứ Bảy,292
quy tắc,292
Người nhà,291
Phần,290
cho hay,290
hàm lượng,290
cánh,289
giấy tờ,289
Công trình,288
hoa,288
bệnh,288
hành,288
bãi biển,288
bà ngoại,288
lõi,288
gờ,286
trò,286
giảm tốc,286
đi chợ,285
nhà giàu,285
ông Táo,285
dây cáp,284
vũ trụ,284
Nhà văn,284
điều khoản,283
Mẹ,283
Quốc hội,282
nguyên tắc,281
Đại học,281
giao lộ,280
tập thể,280
dự thảo,278
không ngừng,278
nhà trên,277
bất động sản,277
sửa đổi,277
âm ỉ,276
nguyên liệu,276
nghị,276
gió,276
chống đối,276
quá khích,276
bàn,276
thi hài,276
rẫy,275
địa chỉ,275
www.dantri.com.vn,275
doanh nhân,274
nổi cộm,274
sở hữu,274
đối tác,274
Câu chuyện,274
nhà ga,272
cầu Tàu,272
số phận,271
đề xuất,270
dự báo,270
mái tôn,270
Tuyến đường,269
nhận định,269
công văn,269
thể dục,269
xác,267
lưng,267
điểm nóng,267
hàng hải,267
suy thoái,266
thảm,266
keo,266
mang tên,265
môi,265
thượng,265
lưu vực,264
hàng rào,264
Bước đầu,262
bao,262
Tài chính,262
ghế,262
Chất lượng,261
nghỉ lễ,261
từ Điện,260
Tờ trình,260
xuyên tâm,260
Trước hết,260
quần áo,260
vành đai,260
Tình hình,260
năm Hạn chế,260
tàu điện,260
tỉ lệ,260
Chủ trương,260
Bởi vậy,260
đường sông,260
một nơi,260
trước bạ,260
lệ phí,260
tiến tới,260
tiếng ồn,260
mắt,259
trẻ em,259
lò,258
bugi,258
rơ,258
nhân,257
Trước khi,256
trước mắt,256
bà,254
cầu phao,254
Lữ đoàn,254
Công binh,254
bạn đọc,253
thoát nạn,252
Những tưởng,252
xe gắn máy,252
vô thường,252
định luật,252
cuộc đời,252
đảng viên,251
thoát hiểm,251
mối,251
con sông,250
Hàng,249
chàng,249
vận,249
ống,249
về quê,248
cơ hội,248
ngầm,248
cấp,248
ngòi,248
nội địa,247
kỹ năng,247
chủ nhà,246
đuôi,246
đà,246
sử,246
đồng phạm,246
răng,245
hố ga,245
siêu thị,245
đông xuân,244
Chỗ,244
tô hiệu,244
chốt,244
nhiễu,244
hội tụ,244
Nguồn,243
cánh đồng,242
Vấn đề,242
Cửa,242
trại,242
phế thải,241
giá bán,241
ngày lễ,241
vật,240
vi phạm,240
nhiệt,240
trang thiết bị,239
phù hiệu,239
lô,239
hạnh phúc,239
trang,238
Xe cứu hỏa,238
trộm cướp,237
xiếc,237
văn phòng,237
nghĩa,237
chế độ,237
cửa cuốn,236
khái niệm,236
hiện hành,236
Hải đảo,236
dầu khí,236
đèn đỏ,236
loài,236
Hôm,236
phân bón,236
đảo,236
thuộc địa phận,236
hải đảo,236
xí nghiệp,236
thuốc men,235
tác động,235
vật nuôi,234
bước đầu,234
tại nhà,234
thần chết,234
Bệnh nhân,234
trạng,234
tiền án,233
đáng tiếc,233
tình dục,233
thẻ,233
xương,233
mồm,232
Vận tải,232
tự tại,232
ứ,231
Đối tượng,231
quê hương,230
bóng,230
hạn chế,230
cóc,230
gần đây,228
Tổng bí thư,228
Vụ án,228
rửa tiền,228
đơn xin,228
bất kì,228
dịch bệnh,228
tổng cục trưởng,228
toàn quốc,228
Ghi nhận,228
xuyên quốc gia,228
viên chức,228
trung tướng,228
bản,227
xu,227
cò,225
bờ biển,224
Em,224
sanh,224
động cơ,224
y tá,224
lưu lượng,224
thiếu úy,224
đồng hồ,224
trạng thái,223
trước đây,223
đa khoa,223
boxing,222
Ngân hàng,222
đại dương,222
đồng bằng,221
Quân khu,220
nhịp,220
ùn tắc,220
trung úy,220
cán,219
chú,218
cá giống,218
Cá,218
bên cạnh,217
thời hạn,217
tóc,217
đường hầm,216
thị sát,216
dân tộc,215
tiền bạc,215
khuôn mặt,214
trọng tải,214
khởi điểm,214
Tổ trưởng,213
cảnh quan,213
Cung Thiếu nhi,212
chiều qua,211
kỷ niệm,211
tổng số,211
tỉnh lộ,211
tai,210
chuyển đổi,210
lim,210
con số,209
người nhà,209
nửa,209
cổ động viên,208
Phương tiện,208
Biển,207
đường thủy,207
năng lực,207
túi,206
chấp thuận,206
liên hợp,206
Trách nhiệm,206
Khói,206
Thường vụ,206
lãnh thổ,206
đột phá,206
định giá,206
hợp tác xã,205
nhiệt huyết,205
ẩu,205
năm ngoái,204
xe tay,204
cửa nhà,204
một đôi,204
Đến nay,204
Trong khi,204
tính tình,204
va,202
hộp,202
thôi việc,201
Nội vụ,201
tay trên,200
cổ xúy,200
lênh láng,199
rào chắn,199
bi,198
gây án,198
lương thực,198
xa lộ,198
nghĩa địa,197
phản ánh,196
Tính mạng,196
Nội dung,196
cáp,195
cây xanh,195
huyện Hàm,195
tỷ lệ,194
thỏa thuận,194
Tướng,194
khoảng cách,194
mục đích,194
sinh hoạt,194
máy móc,193
lỗ,193
cơ,192
độ ẩm,192
mé,192
Đại uý,192
Công tác,192
Tuần lễ,192
Nỗi,192
cuộc họp,192
tim,191
băng,191
màn,191
khách hàng,190
Khách,190
dãy,190
Chợ,190
náo loạn,190
bề mặt,190
hạn,189
chỉ tiêu,189
bất cập,189
nguồn vốn,189
khuôn viên,188
Tỉnh uỷ,188
cửa kính,187
thị trường,187
tiền sự,187
nghiền,186
bên dưới,186
mô hình,185
hàng đầu,185
độ cao,185
lợi nhuận,185
Khu chế xuất,184
cảnh báo,184
Dư luận,184
chị em,184
xe nước,184
Lính,184
toàn thân,184
nhà nghỉ,183
trú,183
Trưởng,183
quận Hai,183
hiếp dâm,183
toàn bộ,183
rạng sáng,182
ví dụ,182
bầu,182
để không,182
nhiệm,182
mái,182
Tiêu chuẩn,181
hội nghị,180
ý nghĩa,180
một lúc,180
bữa ăn,180
nhân lực,179
quân hàm,179
tài,179
thái độ,178
facebook,178
thành tích,178
ấn tượng,178
tàu thuyền,178
Thông tư,178
Tổng,178
phương pháp,178
tất yếu,177
đánh giá,176
hành trình,176
quốc,176
thông báo,176
chì,175
quan,175
Cuối,174
hạng,174
quanh năm,174
Tổng giám đốc,173
vi,173
thủ đô,173
trị số,172
bộ đội,172
bom,172
tuýp,172
Bé,172
tảng,172
thể thao,172
octan,172
pháp y,171
nội lực,171
trong vòng,171
bối cảnh,171
cà phê,171
hội,171
lý thuyết,171
đá dăm,170
ổ gà,170
cơ thể,170
Thi thể,167
Dòng,167
biển báo,166
Thực tế,166
người người,165
ý định,165
hối hận,164
hồng,164
hằng ngày,164
gay gắt,164
đông,164
Ban đầu,164
Nhóm,164
rồi sao,164
tài khoản,163
đỉnh,163
thương vong,163
gác,162
giải cứu,162
vồ ếch,162
người thợ,162
chuyên trách,162
toa,162
tàu hỏa,162
giáng,161
Giáng cấp,161
thế lực,161
bản chất,161
truyền thống,161
Sức,160
độ Vĩ,160
hàm,160
chủ thể,160
Chiều tối,160
tổng cộng,160
buổi chiều,160
nhiệm kỳ,160
tỉnh thành,160
Lệnh,160
nhà chức trách,160
mặt đất,160
phong tỏa,159
rừng,159
Giờ,159
từ đường,159
cầu cống,158
tồn tại,158
luồng,158
hoàn trả,158
thế mạnh,158
cầu cảng,158
rào,158
duy tu,158
tinh,158
ngực,157
Nội chính,157
Kết luận,157
Trưởng ban,157
sự nghiệp,157
Trưởng đoàn,157
Cán sự,157
tinh gọn,157
bạc,157
quán triệt,157
bắt giữ,156
đường cùng,156
thành đoàn,156
làm Tổ trưởng,156
thợ,156
não,156
máy bơm,156
bến tàu,156
cáo trạng,156
ngứa,156
Danh tính,156
xâm hại,156
sức chứa,155
Cận cảnh,155
điều hòa,155
áo phao,155
bò,155
hội thảo,154
nhà trẻ,154
nốt,153
cứu thương,153
Xe chữa cháy,153
Khói lửa,153
dàn cảnh,153
khi không,153
Vụ Trưởng phòng,153
chay,153
nước lên,153
bậc,153
shop,153
Con cháu,153
cụ,153
hô hoán,153
đồng lương,152
trúng tuyển,152
thí sinh,152
trà,152
Kinh hãi,152
thời,152
Cây xanh,152
người bệnh,152
Trưa,152
trong khi,152
câu hỏi,151
cãi vã,150
gì mà,150
Lỡ tay,150
Lộc khánh,150
tờ rơi,150
ảnh hưởng,150
vô ý,150
chế tài,150
cm,150
Cùng với,149
Công ước,149
tác chiến,149
nhân vật,149
thủy quân,149
thủy thủ,149
thực tiễn,149
Tổng lãnh sự,149
tàu chiến,149
Chiến dịch,149
Thuyền trưởng,149
Tàu chiến,149
đường lối,149
sứ mệnh,149
Nữ,149
tranh chấp,149
biên chế,149
biển Đông,149
Hải quân,149
quân sự,149
Sĩ quan,149
trực thăng,149
vịnh,149
hải quân,149
hải tặc,149
hành xử,149
chiến Pháp,149
chỉ huy,149
m,148
diện mạo,148
Liên hợp,148
năng lượng,148
dọn sạch,147
nước sạch,147
Sau đó,147
Ngư dân,147
cục bộ,147
Xăng,146
thứ Hai,146
khẩu hiệu,146
giỗ,146
miền Nam,146
rầm rầm,146
thứ Ba,146
dép,146
xe tăng,146
lẽ,145
Xe máy,145
mùng,144
địa,144
xe lửa,144
tính từ,144
phận,144
Lượng,144
đường hàng không,144
gối,144
gang tấc,144
Bến xe,144
được tiền,144
phương hướng,144
tuyển dụng,143
hành lang,143
tự giác,143
lên Bộ,143
Thành viên,143
nghề nghiệp,143
tôn,143
lề,143
tác nghiệp,143
cấp bách,143
loạt,143
Phó Tổng Giám đốc,143
kéo,142
Hội,142
hèm,142
Chuyện,141
tính năng,141
xe bọc thép,141
phạt tiền,140
theo như,140
lạng lách,140
tường trình,140
đề,139
Nắm bắt,139
anh Tuấn,139
ra quân,139
Kinh phí,138
làm lễ,138
công vụ,138
ao,138
nhà đất,138
Quy chế,137
thủ,137
góp vốn,137
bèo,137
Tân Thuận từ,137
ít lâu,137
Nhà Bè,137
xùm,137
pháp nhân,137
nữa rồi,137
trả lại,137
Văn bản,137
phi vụ,137
buồn phiền,136
chết đuối,136
bà con,136
nghiệm,136
quãng,136
chuyển giao,135
từu,135
cự,135
nhánh,135
từ ngày,135
dấu,135
yếu tố,135
Đầu,135
bật lửa,135
cuốn trôi,135
cột,135
gần kề,135
nhiệm sở,134
Con đường,134
đứng đầu,133
biến động,133
cua,133
kỳ vọng,133
phá hoại,133
biểu tượng,133
ngang mặt,133
tổng thể,133
ụ,133
bản mặt,133
nhám,133
tuổi thọ,133
nguyên nhân chính,132
quản lý,132
kim tiêm,132
hiện hữu,132
vũ lượng mưa,132
nghĩa tình,132
kênh rạch,132
Làm kiểu,132
Khả năng,132
dòng chảy,132
Nạn,132
đẩy nhanh,132
có hạn,132
Thay mặt,132
nước Hai,131
Thủ đô,131
năng,131
trẻ nhỏ,131
giáo dục,131
mép,131
cây cối,131
làn,130
cân bằng,130
metro,130
Đề xuất,130
phiến,130
nghiệp,130
chủ tịch,130
monorail,130
vẻ,129
đám đông,129
vị,129
dị đoan,128
Đá,128
xà,128
hạt,128
núi lửa,128
dung nham,128
bong bóng,128
xuống nước,128
có chuyện,128
ấp,128
kể lại,128
hình dạng,128
hình dáng,128
bọt,128
Thiếu tá,127
xà lan,127
thắng lợi,127
quyết tâm,127
than,127
đàn em,126
Bạn,126
gió Lào,126
đến nay,126
hoài bão,126
Nhà chùa,126
nỗ lực,126
cháu ngoại,126
dao,126
hy vọng,126
lối xóm,126
bất động,126
anh chị em,126
mong mỏi,126
đáo để,126
nguyện,126
giấc mơ,126
biểu mẫu,125
Sau này,125
tần suất,125
cước,125
nóng nảy,125
tư thế,125
Thể thao,125
hộ khẩu,125
đỉnh đầu,125
liên xã,124
Ban chỉ huy,124
khe,124
gẫy,124
cô lập,124
ngô,124
Ban Chỉ huy,124
cường độ,124
Hợp tác xã,124
nợ,124
vùng cao,124
thu nhập,124
Thôn xã,124
mực nước,124
nông nghiệp,124
Thượng tá,124
quyền lợi,124
suối,124
thai phụ,124
nhân sự,124
lúa mùa,124
tay lái,124
dàn hàng ngang,124
hoa mầu,124
nhà Trong lúc,123
giáp,123
chuôi,122
nguyện vọng,122
Trường,122
dao bầu,122
tâm tư,122
nhát,122
Sáng sớm,121
huện,121
hôn mê,120
ngày này,120
buồn nôn,120
Hầm,120
chuyên dụng,120
đau đầu,120
suy,120
phong toả,119
vào cuộc,119
phong tục,118
lỗ khoan,118
sức ép,118
điều tra của,118
gần bên,118
biển cả,118
khu chế xuất,118
đa dạng,118
hòn đảo,118
bãi triều,118
kẽm,118
nguy cấp,118
thực vật,118
đặc quyền,118
định mệnh,118
Chiều hôm trước,118
dàn,118
vạn chài,118
ngày nay,118
độc tố,118
tứ xứ,118
Nồng độ,118
vơ,118
Độ,118
điển hình,118
định thần,118
ba mẹ,118
gốc từ,118
cạn kiệt,118
độ pH,118
thủy triều,118
đến là,118
phù sa,118
Tai họa,118
giếng khoan,118
Bà ngoại,118
ngưỡng,118
chủng,118
quần đảo,118
chỉ có,118
giống,118
luồng lạch,118
hiện trạng,118
nước mặn,118
đáng kể,118
vé số,118
Tốc độ,118
Nam Trung bộ,118
thông điệp,118
học vấn,118
Vườn quốc gia,118
thủy ngân,118
căn bệnh,118
Hải dương,118
nitơ,118
nuôi trồng,118
Vùng biển,118
sinh vật,118
Mặt,118
xói lở,118
thương lái,118
Tỷ lệ,118
cơ cấu,118
hoàn cảnh,118
hệ sinh thái,118
suy giảm,118
Hiện tượng,118
cách thức,118
Lợi ích,118
nước ngọt,118
sách đỏ,118
vì nỗi,118
tiền đề,118
mìn,118
nhang,118
đất cát,118
nguy hại,118
tiềm năng,118
đâm sầm,118
ven bờ,118
dân trí,118
nhân chính,118
mạc,118
dinh dưỡng,118
sa bồi,118
xăng dầu,118
Hành vi,118
đoàn viên,118
hồ,118
vi trùng,118
bàn chân,118
giản đơn,118
Vị trí,118
sô,118
thân nhân,117
áp đặt,116
Quy định,116
Giấy phép,116
ẩu đả,116
cây xăng,116
tranh cãi,116
sức,116
Căn nguyên,116
tự do,116
đồ đạc,116
cửa ra,116
đấm đá,116
đại,115
thai,115
ngang nhiên,115
Hoạt động,115
náo nhiệt,115
đối phó,115
kiều bào,115
Một lát,115
Hà Nội,115
chiêu,115
chiêu thức,115
Đại lộ,115
có lợi,114
sáng sớm,114
Bưu điện,114
Hành chính,114
tư nhân,114
lời giải,114
thuật toán,114
đống,113
Cử tri,113
sốc,113
Căn cứ,113
giao ca,112
có một,112
song thai,112
con dâu,112
đèo,112
Phải chi,112
xi nhan,112
con người,111
đứng lại,111
đến mức,110
Thống kê,110
cố gắng,110
chòi,110
tỉnh uỷ,110
trường học,110
giường,110
Chủ động,110
bệnh tật,110
sơ bộ,110
chỗ ở,110
thương mại,110
hoa màu,110
sạt,110
Nỗ lực,110
bây giờ chết,109
Nhiệt điện,109
cá bớp,109
nào đó,109
sạt nghiệp,109
guồng,109
nhiễm từ,109
cá mú,109
cá hồng,109
nổi lềnh bềnh,109
Kỳ,109
Nhà máy,109
tảo,109
tự chế,109
Phó phòng,109
bắt được,109
giọng,109
Xót ruột,109
nghêu,109
Xe con,108
Ngôi nhà,108
xe con,108
Giàn giáo,108
internet,107
Tiền,107
Bác sĩ,106
cao ốc,106
qua thì,106
chiến,106
đất nước,106
gang tay,106
sụt lún,106
Mưa gió,105
cổ thụ,105
Thân,105
dây chuyền,105
đèn chiếu,105
gòn,105
xẹt,105
bệnh lý,105
kinh,105
vọng gác,104
khích lệ,104
cờ,104
bằng khen,104
trai trẻ,104
cơ động,104
fan,104
chiều nay,104
đập vỡ,104
Tỉnh đoàn,104
quốc hội,104
Tổ quốc,104
lúc này,104
miếng,104
dân làng,104
trưởng ban,104
sảnh,104
phong,104
Cùng lúc,104
kỷ cương,104
Kinh nghiệm,104
khen cho,104
hỗn loạn,104
khiếu kiện,104
chào đón,104
tài năng,104
chữ ký,104
thu gom,103
bãi rác,103
công dân,103
đặc điểm,103
câu chuyện,103
vượt mức,103
vệ sinh,103
compost,103
ngoại hối,103
định mức,103
cư dân,103
phân,103
thiếu sót,103
đô la,103
giải trình,103
ý tưởng,103
phê duyệt,103
Đồng chí,102
gương mẫu,102
Quận,102
trong sáng,102
gia quyến,102
áo xanh,102
năng nổ,102
chia buồn,102
nhoài,100
sự kiện,100
niên,100
cơn sốt,100
da,100
đường dài,100
ly,99
bộ đàm,99
thuốc ngủ,99
giới,99
xưởng,99
Trường hợp,98
liều mạng,98
nổi nóng,98
chướng ngại vật,98
chất cháy,98
đe dọa,98
bình luận,98
tải điện,98
chất nổ,98
chất độc,98
phóng xạ,98
luật hình sự,98
b,98
vũ khí,98
bất chấp,98
Tình thế,98
có phải,98
mã số,98
thú dữ,98
nghiêm,98
Chủ sở hữu,98
Clip,98
Còn về,98
liên đới,98
Hy hữu,97
làm đổ,97
lâu ngày,97
án,97
từ đó,97
sét,97
lúc đó,96
dây dù,96
thành,96
truy cứu,96
xuồng,96
sườn,96
tối ngày,96
sơ ý,96
sang tháng,96
Đội phó,96
Viện Kiểm sát,96
lăng,96
mạnh thường quân,96
Mạng lưới,95
hàng hoá,95
sứ,95
sân khấu,95
thẩm mỹ,95
đồ ăn,95
tour,95
đồ lễ,95
giò,95
cỗ,95
lựa chọn,95
Ngoài,95
tháng Chạp,95
xác suất,95
cung,95
Tâm trạng,95
ngựa,95
cầu kỳ,95
ánh sáng,95
niềm vui,95
hè,95
hoa quả,95
Gà tần,95
Gà,95
chí,95
ngày Tết,95
em gái,95
mặt trời,95
gánh hàng,95
đĩa,95
thớ,95
đẹp mắt,95
cốt thép,95
phủ,95
má,95
Lý do,95
bó,95
nem,95
xôi gấc,95
mặt phẳng,95
vịt,95
ngoài trời,95
chả,95
xôi,95
bánh chưng,95
phong cách,95
city,95
Hạng mục,95
vụ Phó,94
lá đơn,94
thần tốc,94
khuya,94
trọng điểm,94
Thanh niên,94
thực trạng,94
tại Nhà máy,93
dân quân,93
gia cảnh,93
phân cách,93
rời ra,92
Thương mại,92
Lo sợ,92
cách mạng,92
cở,92
vứt,91
sơ sài,91
cáp điện,91
sàn nhà,91
ốc,91
ban đêm,91
quang cảnh,91
hàng ngày,91
khung cửa,91
vách,91
khởi công,91
chậm trễ,91
dự kiến,91
Đến giờ,91
bất khả kháng,90
công nghệ thông tin,90
lời lẽ,90
Điểm,90
chửi bới,90
Nguồn vốn,90
gấu,90
đập phá,90
đồng phục,90
hút bụi,90
ý,89
Đồng hồ,89
tứ kết,89
biểu trưng,89
Khách hàng,89
thủ môn,89
chung kết,89
châu lục,89
đại chúng,89
đồng hương,89
ngôi sao,89
đóng góp,89
thành công của,89
người hùng,89
Xung quanh,89
toàn,89
tỏa,89
chuyên dùng,89
then,88
giây,88
chủ quán,88
chắn ngang,87
chuyển hướng,87
gia cố,87
rôn,87
Va chạm,87
ngày trước,87
môtô,86
thù,86
thủ đoạn,86
sắc phục,86
Tụ tập,86
phần tử,86
Chi cục trưởng,86
phản động,86
kiểm nghiệm,86
nghiêng,86
đo lường,86
khách quan,85
quai xanh,85
Trung sĩ,85
loa,85
treo cổ,85
tiềm ẩn,84
Ứng dụng,84
danh xưng,84
con tin,84
tụt,84
lực lưỡng,84
chủ động,84
quận huyện,84
chuẩn,84
học bổng,84
xóm làng,84
lời khuyên,84
quy chuẩn,84
cảnh tỉnh,84
gậy,84
tác dụng,84
chữa cháy,83
đại tá,83
Tại sao không,83
Loại hình,83
mạnh dạn,83
thợ điện,83
Đội trưởng,82
Ô tô,82
có vợ,82
ngày đêm,82
Một lúc,82
xe ba bánh,82
Xe kéo,82
Anh Hùng,82
không ai,81
giá cả,81
Vết,81
vệt,81
thông số,81
chuyên đề,80
Khởi tố,80
nan,80
thông,80
nhà riêng,80
tước,80
hung khí,79
áo giáp,79
thiên hạ,79
thẳng thắn,79
ngồi rồi,79
láng giềng,79
lưỡi lê,79
danh sách,79
tệ nạn,79
công cụ,79
Đồng đội,79
tâm,79
tranh,79
Anh em,79
gần xa,79
võ,79
Đám tang,79
tiền lương,79
nguy kịch,78
ngâp,78
đùa giỡn,78
nướcTP,78
bỏ trốn,78
truy đuổi,78
vật chất,78
truy tố,78
quan sát,78
quan trắc,78
báo giá,78
ổ trâu,78
mẩn,78
điếc,78
sứa,78
Bạn bè,77
như sau,77
chứng cứ,77
đầu người,77
áo dài,77
bài bản,76
Có một,76
rạng,76
tuổi trẻ,76
yêu nước,75
cho thuê,75
rải,75
chân chính,75
xuyên tạc,75
cư ngụ,75
hiểu biết,75
Giải pháp,74
Hành tinh,74
hành tinh,74
ổ voi,74
đa dạng sinh học,74
Kịch bản,74
thảm hoạ,74
thảo,74
tải trọng,74
thế hệ,74
nhân loại,74
cải tiến,74
động vật,74
xanh lam,74
Lương thực,74
Đại hội đồng,74
ước vọng,74
chật hẹp,74
khâu,74
chính phủ,74
chịu tốt,74
Quỹ,74
Sự kiện,74
Lịch,73
Dịp,73
thế và,72
nề,72
xe máy điện,72
Chân,72
tiện ích,72
khớp,72
wifi,72
âm thanh,72
máy điện,72
tình tiết,72
nam sinh viên,72
phụ huynh,71
quang,71
thể chế,71
chủ quản lý,71
nhận thức,71
phép tắc,71
mai mốt,71
trục trặc,71
sân chơi,71
du,71
đó ngồi,71
Khuôn viên,71
Trò chơi,71
nhà văn,71
vui chơi,71
chủ nhật,71
width,70
=,70
src,70
alt,70
style,70
dantricdn.com,70
cỏ dại,69
nha,69
tổ dân phố,69
nhà thi đấu,69
quảng trường,69
thế thì,69
đô,69
Mặt bằng,69
tê liệt,68
số liệu,68
gác cổng,68
dọc đường,68
náo động,68
đốt cháy,68
cảnh vệ,68
truyền thông,68
tín dụng,67
phản hồi,67
vay mượn,67
đoàn thể,67
lãi,67
Bước sang,67
Khen thưởng,67
nợ nần,67
mở cửa ra,66
cưng,66
bộ đồ,66
cường,66
Huyện ủy,66
Gương mặt,66
chó,66
Nhà thầu,65
vỉa,65
mố,65
khổng lồ,65
kích thước,65
tin tức,65
hình học,65
sản ông,64
Nhà ga,64
động từ,64
Đường sắt,64
ngày mai,64
ván khuôn,64
Tổng Giám đốc,64
giáo,64
dự toán,63
Danh xưng,63
Ông ngoại,63
toán,63
chút,62
bốc cháy,62
Đêm,62
tố tụng,62
Bắt giam,62
cấp hiệu,61
chu,61
trưởng phòng,61
khai quật,60
xuống dòng,60
Vợ con,60
viêm nhiễm,59
trống hoác,59
Bà con,59
cưu mang,59
đốt sống,59
ống dẫn,59
quạt máy,59
lụn bại,59
chỉ định,59
nước tiểu,59
bàn thờ,59
họ hàng,59
Trời,59
bàng quang,59
bơ vơ,59
mẹ chồng,59
gia đình chỉ,59
ông,59
chòm xóm,59
vừa lúc,59
cao đẳng,59
cháo,59
nẹp,59
than khóc,59
diễn đàn,58
minh bạch,58
dẫn chứng,58
huỷ bỏ,58
cố định,58
kiểm tra của,58
quy,58
gánh nặng,58
nhiệt từ,58
tăng sức,58
Hình thức,58
bộ năm,58
soạn thảo,58
ứng dụng,58
Sở dĩ,58
bồ,58
Công văn,58
Doanh nghiệp,58
thuận lợi,58
nước nhà,57
thỏa đáng,57
Khó khăn,57
tê,57
Đồng bằng,57
thấu đáo,57
vay nợ,57
đảm bảo,57
nững,57
tích trữ,57
khả thi liệu,57
thời kỳ,57
kì vọng,57
bài toán,57
liệu pháp,57
Hạ tầng,57
lãi suất,57
lí do,57
Công thức,57
động lực,57
Bến cảng,57
Bài toán,57
một mức,57
trội,57
vĩ mô,57
bài học,57
xã hội hóa,57
lại nhà,57
Đơn cử,57
phức tạp,57
áp đảo,57
bắt tay,57
thuận,57
phương thức,57
công trái,57
công tư,57
dư,57
đan xen,57
phân bổ,57
quốc phòng,57
thành công,57
phái sinh,57
phu,57
yếu kém,57
đa,57
cạnh tranh,57
doanh thu,57
lỗ thủng,56
đi qua,56
môn,55
chồng con,55
Thầy giáo,55
thầy giáo,55
hàng rong,54
cơm bữa,54
vòng tay,54
rạp,53
dân phòng,53
con trẻ,52
Bữa,52
hoạt,52
khai trương,52
bản đồ,52
Nguyên đại biểu,52
Cháu,52
bắp,52
chân mày,52
dặm,52
web,52
lông mày,52
hung thủ,52
y,52
sắc đẹp,52
sùi bọt mép,52
quay lại,52
thấy bà,52
bỏ chạy,51
Sinh viên,50
tái định cư,50
sau lưng,50
tâm lý,50
khoa,50
Nữ sinh,50
đằng sau,50
đầu cơ,50
đầu nậu,50
mảnh đất,50
váy,50
nấm,50
sờ soạng,50
chiều hướng,50
bàn tay,50
cảnh ngộ,50
sàm sỡ,50
Đất,50
Chính sách,50
quấy rối,50
Công nghiệp,50
Dáng,50
một lần,50
bạt,49
thư,49
vợ con,49
cô bé,49
tốc,48
rêu,48
Xã,48
rò,48
cao cấp,47
là vì,47
Xe tải,47
phong trào,47
Con trai,47
Sự,47
trưởng Phòng,47
phương,47
uy tín,47
Uỷ viên,47
nhân tài,47
Phóng viên,47
khuyết điểm,47
gậy gộc,46
thuốc độc,46
cấp dưỡng,46
thoát khỏi,46
danh,46
ma,46
kế toán,45
Giang hồ,45
chức danh,44
cường lực,44
thức dậy,44
chai,44
phanh,43
tầm,42
chăm học,42
giang hồ,42
khối phố,42
khái,42
da thịt,42
họa,42
trộm cắp,42
nhỏ,42
tin dữ,42
Gia chủ,42
nhân thân,42
về hưu,42
tiếng xấu,42
về sau,42
nay,42
táo tợn,42
tiền của,42
nghe tin,42
nghiện ngập,42
thấy mẹ,42
Niềm,42
Nước mắt,42
Du học sinh,42
tình thương,42
thạc sĩ Hai,42
thạc sĩ,42
Con,42
buổi sáng,42
bài bạc,42
Bà,42
Anh hùng,42
luận án,42
luận văn,42
phế,41
ghi hình,41
tra của,41
thuyên giảm,41
ngọn,41
Hàng ngày,41
vệ,41
đón lõng,41
Mặt đường,41
Một lần,41
đi đường,41
thương binh,41
anh Vũ,41
che phủ,41
che chắn,41
thượng nguồn,40
suốt đời,40
sông Mã,40
nữa thôi,40
cửa xe,39
nghẹt,39
rước,39
nam nữ,39
Học sinh,39
nước mắm,39
Ngọn lửa,38
nhỏ hẹp,37
hết đường,37
cấp phối,37
tấn,37
không dám,37
tư,37
đường sá,37
Trẻ em,37
huyết mạch,37
như trên,37
Cá biệt,37
gởi,37
đột biến,37
cam,36
ngây dại,36
cả tiếng,36
khoảng rộng,36
tướng,36
chuyên án,36
Nội,36
chim hòa bình,36
đỏi,36
kêu gào,36
màn hình,36
bảng,36
Nhân dân,36
hành lý,36
Tổng Cục trưởng,36
tiết,35
khó thở,35
băng giá,35
hậu sự,35
nhồi máu,35
tiền sử,35
trục,35
áo ấm,35
Chủ,34
gara,34
thần,34
bột,34
Doanh nhân,34
nhận việc,34
lương,34
quỹ,34
xương sườn,34
khuyết tật,34
ban công,33
đội hình,33
nước Bài toán,32
dữ liệu,32
đầu tàu,32
đầu tiên,32
giảm dần,32
tỷ trọng,32
lợi thế,32
tham luận,32
tắc nghẽn,32
kéo theo,32
viễn thông,32
trình,32
Thứ ba,32
không gian,32
làm cái,32
bài,32
lưu trữ,32
đám mây,32
mức sống,32
càn quét,31
Kinh tế,31
Khối lượng,31
Từ đầu,31
Đá tảng,31
quân khu,31
nghĩa trang,30
xxxx,30
thợ lặn,30
giày,30
tre,30
kế toán trưởng,30
hủy,30
em trai,30
Thợ lặn,30
Gia cố,29
chỉ số,28
bị nạn,28
cầu khiến,28
Cán bộ,28
bẫy,28
dỡ,28
Cầu,28
phóng xe,27
bụi bặm,27
hàng quán,27
Tổng cục trưởng,27
khăn,27
khẩu trang,27
kho,27
bịt mũi,27
Trong sáng,26
thủ phạm,26
tinh ý,25
hàng nước,25
sóng,25
tăng giá,25
cò mồi,25
công chứng,25
đắc địa,25
động sản,25
rắn nước,25
động thái,25
Cánh,25
người lạ mặt,25
vườn,25
lẫn,25
đường bao,25
ăn lương,25
thâm niên,25
Bàn,25
Tương tự tại,25
thưa thớt,25
mồi,25
quả bóng,25
chuông,25
đàn bà,25
thửa,25
mét vuông,25
quê nhà,24
viếng,24
Hàng loạt,24
HN,24
Bãi,24
lễ tang,24
di tích,23
danh thắng,23
miền Trung,23
cửa khẩu,23
Hữu nghị,23
dự định,22
mũi tên,22
miễn,22
đồn,22
Huyện,22
thiết thực,21
cây cỏ,21
tư cách,21
Tỉnh lộ,21
lá,21
trí,21
tỷ,21
thẩm tra,21
Băng giá,21
dự chi,21
Hội thảo,21
bác,21
ước lượng,21
niên đại,21
Khuyến cáo,21
Quan điểm,21
dự tính,21
neo,20
cọc tiêu,20
nhiệt điện,20
hạng nặng,19
măng,19
xà cừ,19
xi,19
Thủ trưởng,18
Xảy ra,18
chánh Văn phòng,18
Nhà tầng,17
tiếng động,17
hông,17
nhà có,17
phản quang,17
nhà ngủ,17
nguyên Chủ tịch,16
trình tự,16
Thời kỳ,16
công sản,16
thì có,16
phó,16
lệnh cấm,16
đài,16
khởi tố,16
Em gái,15
chức trách,15
nắp,15
mộ,15
gáy,15
chị gái,15
sắc thái,15
tủy,15
chân không,15
Nguồn gốc,15
đáp án,15
màu sắc,15
hình,15
gang,15
chi tiết,15
uẩn khúc,15
hộp sọ,15
não bộ,15
anh Đào,15
da trắng,15
ổ khóa,15
bao tải,15
thể đôi,15
Chính bản thân,15
ruột,15
Cá nhân,15
dấu hỏi,15
nội tạng,15
hành tại,15
thanh tra,14
cãi lộn,14
cải cách,14
nhiệt độ,14
góc,14
ức chế,14
trễ,14
ứng trực,14
nâng cao,14
then chốt,14
đúng hẹn,14
thuế,14
Phương châm,14
giống như,14
băng tuyết,14
khắc nghiệt,14
Số lượng,14
phải biết,14
bản địa,14
spa,13
cặp bồ,13
ớt,13
Cô gái này,13
cảnh tượng,13
chân đế,12
Sơ đồ,12
giáp ranh,12
Hội trường,12
thiếu niên,12
dân sinh,12
kênh,12
đồng ruộng,12
phi công,11
mang đậm,11
cử chỉ,11
nêu gương,11
phi cơ,11
Huân chương,11
tổ quốc,11
máy bay,11
nhân văn,11
lính,11
Huân và,10
cỏ,10
ao hồ,10
quả,10
băn khoăn,10
cùng với,10
bến cảng,10
ruộng muối,10
cao su,9
tro,8
Nhiệt độ,7
đóng băng,7
lòng đất,6
Vợ,6
tích tắc,6
thiên thạch,6
Thiếu niên,6
tóe,6
Mưa,6
nhà vợ,6
thuốc mê,6
đặt để,6
mộc,6
con út,6
quân đội,6
suy diễn,6
xe hơi,5
áo vàng,5
đèn bấm,4
Dải phân cách,4
pháo nổ,4
đầu từ,4
quấy,4
bồng bột,4
BKS,4
hecta,3
xếp hàng,3
muộn màng,2
Hối hận,2
chứng,2
Chân đế,2
lao lý,2
