xe,604206
người,488001
tai nạn,438163
vụ,286667
đường,247845
khi,199132
tỉnh,180460
xe khách,179547
tài xế,178748
huyện,173143
hiện trường,163081
xe tải,157316
xe máy,149829
sau,144973
nạn nhân,141139
ô tô,133113
tuổi,126038
giao thông,122408
đầu,113131
ngày,113057
xã,103110
dân,93157
chỗ,90499
Công an,80727
nạn,74847
hướng,72857
chiều,70683
Vụ,70431
đoạn,69378
trên,68548
Sau,65924
nguyên nhân,64855
lực lượng,63023
phía,60611
số,55505
Khi,54813
công an,53953
quận,51127
bệnh viện,48430
thông tin,48280
vụ việc,48208
bên,47556
phương tiện,46839
sáng,46824
khu vực,45779
gia đình,44470
phần,43559
ban đầu,41368
Hiện trường,40812
cầu,40642
thời điểm,39001
hành khách,38295
đàn ông,38150
khoảng,37101
chức năng,36886
trước,36665
khách,36633
Bệnh viện,36195
Xe,35157
phường,35111
nhà,34996
thanh niên,34639
giờ,34198
con,33209
biển,32874
tàu,32859
Hiện,32322
lúc,31923
quê,31803
tốc độ,31735
nhau,31656
ngoài,31037
lái xe,30907
quốc lộ,30129
tuyến,28407
cơ quan,27994
=,26952
Tài xế,26891
tông,26322
cao tốc,26248
tiếng,26234
cơ quan chức năng,25313
gầm,24220
tin,23615
va chạm,23148
thị trấn,23054
nam,22454
đèo,22199
nơi,22054
Quốc lộ,21854
Thông tin,21550
bồn,20860
Đa khoa,20343
em,20317
Trước,20055
phụ nữ,20019
quy định,20010
Báo,19966
báo,19851
chân,19768
đơn vị,19620
Giao thông,19520
thị xã,19369
địa phận,19146
thôn,19144
Sở,19116
đuôi,19097
lớp,18757
mặt đường,18620
phân cách,18406
việc,18220
giường,17960
mẹ,17911
năm,17775
nữ sinh,17727
Ban,17465
bé,17416
cửa xe,17211
Hậu quả,17058
cửa,16703
thời gian,16656
cách,16462
h,16408
sự việc,16360
ga,16275
đường bộ,16193
Nguyên nhân,16188
dải,16091
làn,16058
tải,16045
bánh,16039
lang,15830
địa bàn,15827
dốc,15749
vợ,15628
hành trình,15458
Chủ tịch,15349
hàng,15257
người thân,15204
cú,15018
điện,14924
Ngày,14626
thi thể,14376
Cảnh sát,14171
tháng,14156
phanh,14060
nước,14057
Xe khách,13921
ngã tư,13865
địa phương,13830
công tác,13779
Ảnh,13686
tình trạng,13635
phút,13432
hiện,13425
lái,13370
vợ chồng,13300
Cơ quan,13300
ruộng,13297
Khoảng,12949
nhân chứng,12741
Lực lượng,12404
cán bộ,12078
vỉa hè,12057
lần,12041
mặt,11985
loại,11880
xe buýt,11878
đường sắt,11855
vực,11821
học sinh,11630
đa khoa,11597
Xe tải,11510
Tin,11292
Tai nạn,11171
đêm,11164
Trung tâm,10990
xe ben,10946
cô gái,10925
xảy ra,10864
lề đường,10855
Bộ,10686
điều,10511
pháp luật,10350
nhân,10314
Công ty,10294
cảnh sát,10251
lãnh đạo,10202
thiết bị,10002
dầu nhớt,9893
con gái,9844
địa điểm,9772
trụ sở,9747
trời,9743
vị trí,9689
Lúc,9686
gái,9579
Giám đốc,9571
Vụ việc,9445
trưa,9437
núi,9430
lửa,9371
Phòng,9366
xe đạp,9326
làm người,9226
tay lái,9161
công nhân,9111
con trai,9066
cầu vượt,9039
thùng,9034
sự,8979
hư hỏng,8976
người nhà,8867
khu,8855
thảm khốc,8847
bệnh nhân,8840
tên,8807
danh tính,8773
văng,8769
Trường,8750
cán,8720
cát,8705
thành phố,8666
vòng,8561
hành vi,8534
bác sĩ,8519
trường hợp,8478
ngược chiều,8477
trường,8406
tàu hỏa,8381
liên hoàn,8364
luật sư,8338
nhân viên,8328
điểm,8269
Nạn nhân,8178
công ty,8141
doanh nghiệp,8124
cha,8116
cabin,8009
tuyến đường,7876
mẹ con,7855
mạng,7848
biếng ăn,7812
lao động,7767
hình sự,7719
trách nhiệm,7643
tuần,7544
tổ,7495
đoàn,7461
Thời điểm,7401
Đội,7364
hậu quả,7351
clip,7344
tối,7275
ban,7265
chuyến,7245
hàng loạt,7244
chủ,7231
Chiều,7226
công trình,7226
ôtô,7180
thuộc địa phận,7139
Dân trí,7113
Sáng,7027
cồn,7015
bụng,6933
nữ,6786
bạn,6613
nồng độ,6582
điều kiện,6483
trạm,6466
đường ray,6412
phạm,6365
Trung tá,6357
chết người,6335
biên bản,6320
đường cao tốc,6185
đá,6178
lỗi,6145
giao lộ,6117
a,6114
moóc,6103
thương tâm,6093
lời,6075
kính,6070
vách,5977
cẩu,5956
thương vong,5953
nhà xe,5924
Phó Thủ tướng,5908
tay,5821
đáng tiếc,5806
ven,5797
chấn thương,5708
sự cố,5699
Y tế,5680
rơ,5669
chồng,5667
giữa,5665
mô tô,5640
phố,5614
quán,5610
lượng,5597
sau đó,5568
chú rể,5553
nhựa,5512
bê tông,5452
máy,5334
enable,5316
browser,5316
this,5316
upgrading,5316
supports,5316
and,5316
màu,5283
ca,5252
biển báo,5249
chiến sĩ,5233
y tế,5207
có người,5137
lời khai,5035
bimbi,5026
đội,5024
thai,5023
sức khỏe,4996
tài sản,4987
anh Tuấn,4985
xã hội,4948
Danh sách,4937
thứ,4933
giải,4921
Gia đình,4918
ấp,4914
nhân dân,4913
khoa,4908
chiều nay,4899
xác,4864
hệ thống,4843
Em,4789
cảnh,4788
toa,4779
hố,4743
xung quanh,4738
suối,4725
Dân,4722
cây,4719
ghế,4704
nhãn hiệu,4656
trái,4641
Sự cố,4629
quốc tịch,4584
sắt,4578
máu,4573
Bước đầu,4550
thân,4543
trung tá,4533
biến dạng,4500
dữ liệu,4447
vùng,4430
nhóm,4412
Đầu,4401
đường tránh,4394
xóm,4379
Quốc gia,4360
Ô tô,4304
cơn,4291
làng,4253
tốc,4252
xe con,4244
đại học,4242
cột điện,4235
Hiện tại,4224
thời tiết,4186
chợ,4182
công nghiệp,4131
Đại tá,4116
trung tâm,4087
trực diện,4076
chuyện,4074
đại diện,4072
Xe máy,4072
cảnh tượng,4070
môi trường,4069
ô,4058
bẹp dúm,4055
điện tử,4054
não,4047
trai,4047
dấu hiệu,4018
anh Linh,4012
vụ án,3954
xà beng,3926
đại lộ,3912
gầy yếu,3906
đi làm,3906
hộ sinh,3906
xăng,3897
ngành,3884
cuối,3871
nguồn tin,3839
đảo,3835
rước dâu,3816
lòng,3815
đất,3806
gỗ,3781
lễ,3773
Phần,3750
máy cày,3744
Cục,3743
tử thần,3734
đối tượng,3718
Lãnh đạo,3716
Hàng,3716
cửa ngõ,3715
trật tự,3712
hình ảnh,3677
Sự việc,3670
biện pháp,3666
Đường bộ,3656
đám cưới,3620
nghiêm,3614
nước ngoài,3591
tỉnh lộ,3589
húc,3582
barie,3579
tính mạng,3575
thùng xe,3555
kể lại,3544
style,3532
nút,3522
phòng,3501
tín hiệu,3477
khung,3476
cạnh,3457
nước mắt,3453
xương,3443
bánh xe,3432
trẻ em,3411
cho biết,3410
khúc cua,3367
Trong lúc,3364
hông,3362
mắt,3360
đèn,3359
hạn,3353
Chân,3328
xe cứu hỏa,3317
giáo viên,3291
phân luồng,3286
taluy,3283
Thời gian,3276
xe tang,3274
hiện tại,3262
rụi,3254
hôm,3233
kỹ thuật,3224
đồ đạc,3210
bốc cháy,3202
trước khi,3199
thủ tục,3189
lăng,3183
dây,3176
kênh,3159
kéo theo,3158
nhận định,3152
Bảo vệ,3150
dăm,3148
công vụ,3138
bất cẩn,3134
thai phụ,3132
Dầu nhớt,3130
trước mắt,3118
Cháu,3101
vết thương,3099
anh em,3027
tang,3007
Cùng lúc,3007
bàn ghế,3001
Phó Chủ tịch,2994
tài,2992
phí,2956
cựu chiến binh,2953
đón dâu,2931
bài,2930
Lúc này,2919
miền,2915
nghiệp vụ,2913
nhiệm vụ,2909
chính quyền,2898
khói,2883
tội,2878
bánh tráng,2862
mép,2857
tiền,2856
độ,2856
chỗ ngồi,2851
hiện nay,2843
môn,2813
từ đường,2797
bên trong,2789
Số,2780
trưởng,2778
máy lạnh,2778
đi qua,2775
bao,2775
xế,2775
mũi,2755
nguy cơ,2754
m,2747
Trưởng,2740
lý,2740
bảo vệ,2736
xuống dốc,2732
Luật,2727
rác,2722
nội dung,2721
bom,2688
cua,2672
sét,2671
cánh,2664
Văn phòng,2642
phóng viên,2630
bàng,2620
Thiết bị,2614
Người thân,2604
đi vào,2601
cà phê,2597
quốc gia,2596
điện thoại,2586
tai,2579
Quy định,2576
Đại diện,2567
src,2550
khả năng,2539
chắn,2536
_fl,2524
hộ,2522
nát bét,2521
dịp,2521
xô,2504
quyết định,2497
hóa,2494
hầm,2483
cung,2463
bến xe,2453
mooc,2446
hàng xóm,2440
ghi nhận,2437
đầu tàu,2404
nhựa đường,2397
kinh nghiệm,2393
mưa,2385
’,2383
Người nhà,2380
nghỉ lễ,2366
rơ moóc,2348
buổi,2332
lan can,2323
sỹ,2320
sông,2307
bộ,2306
bạn bè,2304
mương,2302
hồ sơ,2295
pt,2295
văn bản,2290
tải trọng,2289
bỏ chạy,2288
ngủ gật,2282
đòn,2267
Phó Giám đốc,2262
an ninh,2261
phương án,2259
giờ phút,2251
số lượng,2249
tiếng động,2248
thầy,2246
xa lộ,2246
quấy,2244
sô,2243
phân,2239
thảm,2231
Huyện,2230
rượu bia,2210
Thượng tá,2201
biển số,2195
độ cao,2190
giấy phép,2185
Tối,2182
chủ nhiệm,2174
lượt,2174
giây phút,2168
Trưởng phòng,2160
nền,2158
tình hình,2150
điều tiết,2134
ảnh,2132
Tàu,2124
bàn thờ,2120
quá trình,2113
anh Quân,2112
đầu máy,2105
bộ phận,2105
bờ,2101
gian,2092
giọng,2087
xe máy cày,2086
công,2081
đông lạnh,2079
đồng,2075
băng,2074
cổng,2071
phụ huynh,2071
cứu thương,2070
hơi thở,2068
bước đầu,2053
đá dăm,2052
hôm nay,2039
cafe,2034
rượu,2032
hạ tầng,2031
dao,2026
giấy tờ,2021
sinh viên,2019
Môi trường,2017
ý thức,2014
Hành khách,2013
hiện tượng,2012
rạng sáng,2010
Vợ chồng,2010
dân sinh,1999
tn,1988
đổ nát,1986
nghĩa địa,1980
cơm,1977
đám tang,1974
tinh thần,1968
Phía,1944
Tổng Bí thư,1940
bệnh,1938
áp lực,1937
giới hạn,1932
qua đường,1927
lô,1922
Xe ben,1915
hỏa,1913
anh Vũ,1913
của ông,1910
cây xăng,1905
khẩn trương,1884
xe gắn máy,1876
chú,1872
mảnh vỡ,1868
áo,1861
vận tải,1856
cửa kính,1854
cá nhân,1853
đảm,1848
hình thức,1840
Va chạm,1837
hợp đồng,1834
tổng,1825
Bản thân,1806
pháp,1805
vệ,1795
Thượng úy,1794
đồng hồ,1794
mỏ,1788
qua cầu,1786
Trong sáng,1783
hướng dẫn viên,1772
dự án,1767
chùa,1760
ben,1760
thiệt hại,1758
Bí thư,1756
bình,1753
bị nạn,1752
tô,1741
mso,1734
language,1734
cơ sở,1733
nghề,1730
tình,1724
dư luận,1722
nỗi,1721
vi,1720
dâu,1720
Đại lộ,1719
cảng,1714
còn lại,1713
Ghi nhận,1712
hàng nằm,1710
đường dài,1710
Danh tính,1708
vô ý,1708
Xã hội,1706
cBQQPQRvMQIusvOH,1704
luật,1702
đa,1701
quan tài,1696
đôi nam nữ,1693
bà,1691
công dân,1690
lốp,1688
Trưa,1680
ngọn lửa,1668
vật liệu,1666
tháo chạy,1665
quần áo,1664
Việc,1661
thanh,1658
thảm họa,1657
ngực,1657
khoảng cách,1650
tiệm,1645
quốc,1645
đến giờ,1639
phong tỏa,1638
Chính phủ,1638
số hiệu,1631
Tổng cục,1623
bò,1622
ý muốn,1619
Trưởng ban,1614
cua đồng,1608
nhập viện,1607
Công nghệ,1607
chó,1604
Cô gái,1604
ông bà,1602
luồn lách,1602
đèn đỏ,1592
quanh,1585
tình huống,1579
trơn,1574
Trước khi,1569
quận Hai,1568
Đô thị,1565
quét dọn,1565
cổ,1550
bố mẹ,1542
Cô bé,1542
Pháp luật,1541
mức độ,1539
đơn,1529
Bộ trưởng,1528
cắt tóc,1525
vai,1516
đầu vào,1511
tầm nhìn,1502
trong khi,1501
gió,1501
cơ thể,1500
Lửa,1500
Thanh niên,1499
sọ,1497
ruộng lúa,1494
vật,1487
khe,1484
khu phố,1479
Cú,1475
Luật Hình sự,1470
sự kiện,1470
Chiều nay,1469
chia buồn,1462
dầu,1456
nát bươm,1456
huyện Hàm,1455
ngôi nhà,1446
heo,1446
bị can,1443
xuống đường,1440
hãng,1438
tích tắc,1432
Công nhân,1429
hất,1428
rào chắn,1427
nội,1422
dantricdn.com/,1420
Xe cứu thương,1420
c,1420
Uỷ ban,1418
sấm sét,1409
hành lang,1407
cổ phần,1405
về quê,1403
đường dẫn,1399
bãi,1399
Tỉnh lộ,1397
Xe tang,1397
sương,1396
sáng ngày,1396
Cùng thời điểm,1394
hoàn cảnh,1392
hố ga,1384
hợp tác xã,1383
lái xe khách,1379
căn cứ,1379
tường,1379
gốc,1378
quan sát,1368
cực nhanh,1368
Va đập,1365
hiệu,1354
thuộc địa bàn,1347
đạo đức,1340
Kỳ,1340
Hội đồng,1340
thí sinh,1340
người lớn,1337
ly,1336
biểu hiện,1325
chỉnh hình,1324
huyệt,1320
cô giáo,1319
Dịch vụ,1315
hậu sự,1313
hồi,1309
Xe du lịch,1306
nửa đêm,1306
bẹp rúm,1300
Vị trí,1299
rãnh,1296
khói hương,1296
nước lũ,1295
Thai nhi,1294
Nơi,1293
ca bin,1293
Trạm,1293
quy chuẩn,1288
thẻ,1288
hạn mức,1288
phép,1286
cuộc,1286
hiệu lệnh,1281
mối,1277
Thứ trưởng,1277
Bác sĩ,1276
vong,1275
vấn đề,1272
người người,1271
Thiếu tá,1270
trưởng Ban,1268
kiểm định,1266
tổng số,1266
trong lúc,1264
một lúc,1257
bể kính,1252
đám cháy,1252
méo mó,1249
cao điểm,1246
kết luận,1245
bể phốt,1242
địa chỉ,1238
www.dantri.com.vn,1236
trói,1230
chủ thầu,1230
Khu vực,1228
cô dâu,1226
quê nhà,1218
thức ăn,1215
bên cạnh,1213
tang lễ,1208
máy cắt,1208
tầm,1204
Hình ảnh,1199
bản,1199
câu hỏi,1198
vết,1196
biến áp,1192
thể,1192
lề,1189
kết quả,1189
cellPadding,1188
cellSpacing,1188
width,1188
hành,1186
xe ôm,1182
với nhau,1177
Nhà nước,1175
align,1172
ngùn ngụt,1169
Cụ ông,1160
vn,1159
fb,1156
bên dưới,1155
Khẩn trương,1154
tứ tung,1147
hạng,1143
kéo lê,1141
trận,1140
hy hữu,1139
camera,1139
kiểu,1136
an,1136
ùn tắc,1133
Đến giờ,1133
Anh,1130
vương vãi,1123
chứng,1122
văn phòng,1122
mức,1121
Quốc khánh,1120
sóng,1117
dòng họ,1116
chiều tối,1115
Đúng lúc,1114
cột,1114
ma túy,1113
vốn,1112
linh kiện,1108
Hiện nay,1108
viện,1106
tử vong,1103
dịch vụ,1102
Lái xe,1102
sinh mạng,1100
bà con,1099
Quá trình,1093
rơmoóc,1089
họ hàng,1088
chiến trường,1087
xưa,1087
một chiều,1085
đê,1084
tiên lượng,1080
cơ khí,1080
nhà ở,1080
thân nhân,1077
Công nghiệp,1077
du lịch,1076
đường được,1076
mẫu,1073
Doanh nghiệp,1072
Địa điểm,1072
sơ mi,1068
va,1062
cầu Tiêu,1062
tóe,1062
cha mẹ,1059
nhà hàng,1056
vận tốc,1054
khối,1053
ngã ba,1048
mái tóc,1047
hung thần,1047
đầu gối,1044
bất cập,1043
thép,1039
công nông,1039
chủ trương,1036
cục bộ,1035
nghiêng,1034
rào,1032
trong sáng,1029
mầm non,1028
so với,1026
nát vụn,1026
đại lý,1026
chương trình,1026
rơi vãi,1023
bàn,1020
Học sinh,1020
nhánh,1020
Phó giám đốc,1014
lực,1014
bảng,1012
ách tắc,1011
sự thật,1010
bia,1006
Thầy,1005
Con trai,1005
đô thị,999
tôn,993
đường trục,992
tài liệu,991
Khoảnh khắc,990
xi măng,988
Chi cục,988
du khách,988
xà,986
loạng choạng,984
ngựa,984
ngã kềnh,984
phù hiệu,983
công việc,982
nhát,980
trực tuyến,978
Đoàn,975
xe cộ,975
Đường sắt,975
Đơn vị,973
mắc kẹt,970
bao gồm,970
Nội vụ,968
động,964
lễ vật,963
beng,963
báo cáo,963
phụ giúp,963
đi khỏi,959
ăn Tết,958
Đội trưởng,955
Con gái,954
van,954
chết điếng,954
mỹ phẩm,954
Hệ thống,953
trụ,952
cấp,952
chuyên trách,949
mini,948
Viện trưởng,948
Xí nghiệp,942
giấy,941
trục,941
hạt,940
kỳ,938
chủ tịch,930
võ,930
lái xe tải,928
nghi lễ,924
cháy đen,922
nhận diện,922
Kỹ thuật,921
Biết có người,920
vỏ,920
vôi,920
không khí,919
hộp,918
Kết quả,917
hay không,915
tết,915
border,906
viet.jpg,906
images.danviet.vn/CMSImage/Resources/Uploaded/minhthu/,906
nan_,906
Giây phút,906
center,906
rông,900
nội thất,898
đường ống,897
Mảnh vỡ,894
phạm vi,893
bộ đội,892
căn nhà,891
thông số,889
đúng lúc,887
lúc này,886
cáp,886
ôn,882
Tổng công ty,882
mìn,882
thuyền viên,880
da,878
hội đồng,878
phải đường,876
Đăng kiểm,874
ủy,868
lý do,867
đại tang,866
bố,855
nguồn,855
hành lý,855
Chiều tối,853
vé,853
nằm ngủ,852
tour,852
ngày đêm,852
kể trên,848
em bé,848
Trạm trưởng,848
thứ ba,844
địa,839
mục đích,836
trâu,832
dân phố,831
dây điện,830
doàn,830
giải pháp,828
trật,826
BKS,823
location.href,820
document.title,820
sendmail,820
thương mại,816
chạy theo,813
đội ngũ,813
cúi đầu,813
cột sống,813
Rạng sáng,811
tuyến đường sắt,810
nữ sinh viên,808
ừn,807
tự tử,807
thăng bằng,804
dantricdn.com/OjRsnUq,804
vC,804
hoảng hồn,804
ứ,803
Ông bà,801
x,801
nữ công nhân,798
cục,794
bất động,792
Trong khi,791
bản thân,791
Bé,789
đống,789
Ước mơ,785
đuổi theo,785
án,784
cầu thủ,780
ban ngày,775
đường tàu,775
nhà trên,774
thứ hai,774
lúc đó,773
năng nổ,771
ý chí,771
quan hệ,771
Yêu cầu,771
nhiệt tình,771
nghe tin,771
gang tấc,771
ngoại ô,769
có một,768
đối đầu,765
đông,764
Chấn thương,763
xuất huyết,761
kiệt quệ,759
tình tiết,759
cảm giác,759
tối qua,758
Hội,758
vẻ,755
quán tính,753
chất,751
ứng cứu,750
đời,750
Nghị định,749
Kế hoạch,747
đất đá,745
thai nhi,742
lưng,741
Vận tải,739
Trung ương,738
tràm,738
Đường,737
thoát thân,737
lúa,736
Công lý,735
đến tháng,735
thương tật,735
nắp,735
sức khoẻ,735
tỷ lệ,735
giá trị,735
Bộ luật Hình sự,735
cho rằng,735
Ánh sáng,735
ao,732
định mệnh,731
đại biểu,731
cầm lái,730
chất lượng,725
hôm qua,724
vợ con,723
sân,723
Đêm,719
trẻ nhỏ,717
xăng dầu,716
bí thư,714
anh Sơn,711
hành chính,711
quẹt,710
Xảy ra,709
vô hiệu,708
không trung,708
hơi,708
trợ lực,708
chế tài,708
đi cầu,708
biện,705
đưa tin,698
sốc,696
cụ ông,696
viễn thông,694
người thương,694
đường đi,692
thị,692
cho hay,690
nhân vật,690
y bác sĩ,689
búa,688
ngồi dậy,688
Bệnh nhân,686
sương mù,686
đậu xanh,686
làng Bồ,686
Như thường lệ,686
của Công an,684
nam giới,684
trang thiết bị,683
toàn quốc,678
bụi,678
xuống nước,678
vi phạm,676
Phương tiện,675
lương,675
cự,674
ngụ,673
quần đùi,672
phim,671
Đồn trưởng,670
sơ cứu,670
úy,669
hạnh phúc,666
Vừa lúc,666
năm nay,666
lâu năm,666
bạn đọc,666
cuộc đời,666
cuộc sống,666
trọng thương,665
dập tắt,660
sĩ quan,660
bài vị,660
huyệt mộ,660
Ngày mai,660
boong,660
Lao Động,660
thuyền trưởng,660
rên xiết,660
ngõ xóm,660
nghĩa trang,657
bạt,656
ngọn đuốc,655
Khu,653
Khoa học,648
gần đến,648
đi tới,647
thương hiệu,644
bộ năm,644
đầu đọc,644
dặm,644
cự ly,644
bộ nhớ,644
nhà nước,644
máy chủ,644
trở đi,644
cắm thẻ,644
người ở,644
bất kì,644
Tổng Cục trưởng,644
Phóng viên,644
ngày giờ,644
Thông tư,644
ten,644
chủ quản,644
tọa độ,644
tuyến đường dài,644
Quy chuẩn,644
nơ,644
Hành trình,644
Hình thức,644
quy tắc,644
Tự động,644
Cách thức,644
điều khoản,644
giới,644
quy,644
Nhà,644
con heo,642
lịch trình,638
HN,638
Chánh Văn phòng,637
vạt,636
lén,636
ngày sau,636
tức tưởi,636
bầu,636
rạp,636
di,636
giọt,636
quán nước,636
cứng rắn,636
Sáng ngày,635
đồng nghiệp,635
sinh thì,635
lái xe ben,634
dưa,634
right,634
Nguồn,634
sữa,633
Tổng cục trưởng,633
vách ngăn,633
mác,633
Khả năng,633
xe cơ giới,633
kích thước,633
bua,633
Lái xe khách,633
cẳng tay,633
con lươn,628
Ban đầu,626
Sông,626
buông lời,624
hành hung,624
Đầu tàu,624
quyền,621
sáng sớm,621
vườn,620
góc,620
khí,620
phú,616
tại thôn,616
xe bò,616
Cuộc,616
nông thôn,615
đến nay,613
phạm lỗi,612
không phải,612
gương,610
đèn điện,608
thanh long,604
câu,604
Tính từ,604
Nếu không,604
gắng sức,604
hè,604
lênh láng,604
Ước gì,604
phiên,602
nhà trường,600
phong tục,600
ba gác,598
tượng đài,597
sản lượng,596
nhà nghỉ,596
điểm mù,596
thủy điện,596
xét lại,596
lương tâm,596
năng suất,596
tiểu học,594
nội thành,593
diễn biến,592
gạch,591
bảo hiểm,590
Đài Truyền hình,588
Truyền hình,588
bản quyền,588
bóng đá,585
cấp trên,584
điều tiếng,584
toà án,584
tổ dân phố,584
trần,584
kiên quyết,582
xê,581
góc phố,580
đoạn giao,580
ta luy,575
bùng binh,574
thi hài,573
máu me,568
bình giang,568
lào,568
sơn la,568
duy,568
việt,568
việc làm,568
hải dương,568
đập vỡ,568
Tối qua,568
thanh trì,568
xương sườn,568
ẩu,567
vu,565
áo xanh,558
Thành phố,558
chữ,558
bình luận,558
tổ trưởng,557
hợp,554
nhạc,552
động vật,552
ngày tháng,552
mưa lũ,552
ngầm,552
tình báo,552
thịt,552
id,552
danh hiệu,552
cổ động viên,552
tiền Đường sắt,552
value,552
Tiêu điểm,552
Thủ đô,552
pháo,552
Thuyền viên,552
Đại sứ quán,552
không gian,552
hội,552
Công dân,552
di tích,552
Vào khoảng,549
điều khiển,549
cá,549
miệng,549
trưởng Phòng,549
quê quán,548
Sau đó,547
đùi,546
bà ngoại,546
Đến ngày,545
cao su,543
container,542
Ghế,542
rầm,542
lưu lượng,540
ninh bình,536
thanh liêm,536
hà,536
ười,536
thanh hà,536
nằm không,536
luồng,536
Tập đoàn,535
nguyện vọng,533
Huyện ủy,531
thuốc lá,530
Bến xe,528
òa,528
tô màu,524
hãm,522
mét,520
Vết thương,520
đốt sống,520
lún,520
bạc,520
cổ chân,520
công nghệ,520
túi,520
Phó chủ tịch,520
tóc,516
phải rồi,515
lễ phép,514
Không khí,514
Nữ sinh,514
ước mơ,514
con út,514
nông,514
Bên,513
chuyên môn,512
giới tính,512
chu,507
yếu tố,506
đội trưởng,506
Trước đây,506
Tình trạng,506
cũng nên,506
Lúc đó,505
gác,504
quát,502
an Sơn,502
hùng hổ,502
phổi,499
cụ già,498
cửa sổ,498
tê liệt,496
vị,494
tàu hoả,494
thống kê,494
nhớt,493
tỏa,490
Bị cáo,490
Khi nào,490
anh Tú,490
ni lông,490
đầu tiên,490
đầu người,490
dấu,490
ba,490
thùng rác,490
lối,489
dân cư,487
Nữ nhân viên,486
kỷ luật,484
kỹ sư,484
buổi chiều,484
khiển trách,484
một nửa,483
Thần kinh,482
lũ,480
alumin,480
cộng đồng,480
xx,478
cãi nhau,478
con số,478
thành viên,476
hỗ trợ từ,474
cáp treo,474
ban ngành,474
người quen,474
gia tộc,474
chữ thập đỏ,474
thần kinh,474
cọc tiêu,473
tính chất,472
gần đây,472
choáng,472
tầng lớp,470
nâng cao,470
thượng úy,470
lên án,470
Bộ Tư lệnh,470
Thủ trưởng,470
Công điện,470
công điện,470
chống lại,470
chệch,470
Hành vi,470
chi tiết,470
đường phố,466
điện Thông tin,462
vãn cảnh,460
hồ Thủy điện,459
chứng cứ,458
xe điện,458
tỉnh Thành,458
Thị trấn,458
lồng ngực,457
thư,457
rằm,456
nhà xác,456
bánh xe ben,456
quan,455
em trai,454
tường trình,454
Dư luận,453
trước mặt,453
Đảng,452
ATGT,451
bến,451
Nguồn tin,449
Thị xã,449
chủ nhà,449
hải sản,448
số liệu,448
luật lệ,447
định kỳ,447
mờ sáng,446
Cửa hàng,446
đánh nhau,443
Giáo dục,442
con nhỏ,441
rạng,441
Hình sự,441
nằm ngang,440
Viện,440
clinker,440
vùng biển,440
ethanol,440
đông bắc,440
va đập,436
ý kiến,436
tấn,435
cơ động,433
mật độ,429
tháng Hai,428
y,425
phóng xe,425
thương tích,424
bắc cầu,424
mực nước,424
xã Đakrông,424
Quốc hội,424
khắp nơi,423
xương đùi,422
xóm Duối,422
thợ hồ,422
tâm trạng,422
cháy bùng,422
bên lề,422
trong,422
Đội phó,422
Đám cháy,422
vượt mức,422
hiện thực,420
cõi trần,420
tai nghe,415
',415
sói,414
nước sạch,414
yêu cầu,414
kết cấu,414
Tàu hỏa,413
chướng ngại vật,408
qui định,407
tử thi,406
tủ,405
thục mạng,405
Giờ,405
Bạn,404
xe tay,402
thiếu niên,402
đá tảng,401
trưởng thôn,396
làm lễ,396
Mẹ,394
giảm nhẹ,392
mang tên,392
Đài Phát thanh,392
ví,392
đàn bà,392
tri giác,392
bị cáo,392
ba lô,392
Bóng đá,390
hạng Nhất,390
Giải,390
anh em ruột,388
nguồn gốc,388
Công văn,386
đồn,384
hành động,384
chiếu,382
hoạn,380
Tiểu học,378
trước đây,378
đường hầm,377
sông Mã,376
vàng,376
quần chúng,372
kỹ năng,372
võ sĩ,372
gì mà,372
nắng,372
tỏ ra,372
Trời,372
trọc,372
lịch sử,371
mỳ,368
Mắt,368
Cô dâu,368
bật đèn,368
vò đầu,368
dây nóng,368
hỗn loạn,366
mủ,366
Xe con,365
chủ quan,365
dang dở,365
Đi qua,365
bão,365
con mang,362
cãi vã,360
chị em,360
học viên,359
Viện Kiểm sát,359
có chuyện,356
vẫy tay,356
trú,353
Thanh tra,353
Xác,351
Tư nhân,351
cùng nhau,351
được việc,350
Bưu điện,350
can ngăn,348
feet,348
nhừ tử,348
cáng,347
địa hình,347
lơ,346
mặt mày,345
Lò xo,345
chị gái,345
quan Tòa,344
lễ hội,344
Cao tốc,344
tổ chức,344
thấy bà,344
chế độ,344
thánh,344
sai phạm,344
Phút,343
tê,343
trờ tới,342
Hương lộ,342
táy máy,342
thủ trưởng,342
đối thủ,342
nguyện,342
Tổ,341
chuông,341
quân,341
Ngoài,341
khoảnh khắc,339
Nữ công nhân,338
thú,338
ma tuý,338
Chặn đầu,336
lời nói,336
nhà máy,336
ngang,336
khuya,335
Đối tượng,333
Nhân chứng,333
tù,333
Chân dung,333
tô hiệu,333
rayđường,332
lách,330
bàng quang,330
xương đòn,330
xương chậu,330
sường,330
Hà Nội,329
thông đường,329
Đi chơi,328
Nghe tiếng,328
kêu cứu,328
giải cứu,328
bò sữa,326
vực thẳm,326
tại QL,326
Tri thức,326
buồng lái,326
gừng,324
hồ,324
luống,324
gào thét,321
dậy thì,321
em gái,321
dấu vết,319
hưu trí,319
hiện hành,319
Chi cục trưởng,319
Phó tổng cục trưởng,318
chèn,318
nguyên tắc,317
Có nhân chứng,316
toà,316
quán ăn,315
cưa,315
siêu thị,314
điện máy,314
cột đèn,314
nội ô,314
máy điện,312
xuyến,312
mặt mũi,312
xe máy điện,312
quái,312
Máy cày,311
mẹ chồng,311
chân tay,310
hết đời,309
thầy giáo,309
ống,309
quê hương,309
rơmóc,309
hiện giờ,309
Chị dâu,309
anh trai,309
tơ vò,309
câu nói,309
giông,308
tia,308
Tình huống,308
niên,308
gia cảnh,308
pháp y,307
đậy,306
Giả danh,306
bí thư xã,306
Xe đạp,303
đồng hương,301
Sáng sớm,301
thời khắc,301
ngày Tết,301
Còn lại,301
chiều cao,300
phu xe,300
vấn nạn,300
thể thao,300
bo,300
dáng,300
bún,298
doanh thu,298
Quận ủy,298
xứ,298
cuộc họp,298
cọng,298
người Người,297
cánh cửa,297
xuống dòng,296
chìm nghỉm,296
em rể,295
hộ khẩu,295
thuốc nổ,294
công trường,294
mất máu,294
dương,294
Kỹ thuật số,294
Tim mạch,294
mây,294
đường bằng,293
kim loại,293
hòa,292
con đường,292
phật tử,292
mùi khét,292
mở ra,292
tòa án,292
bờ biển,292
lễ tang,291
thần chết,290
lòng đường,290
chỉ số,290
con cái,288
Công viên,288
công sở,288
tre,288
ngã nhào,286
cửa khẩu,286
chặn đầu,286
dừa,286
sát hạch,286
vinh,284
mới Nguyên,284
Góp ý,284
gương sáng,284
Giấy phép,284
u,284
alt,284
f,284
vai trò,284
noi theo,284
t,284
trang chủ,284
Sự kiện,284
Khuyến học,284
Chia sẻ,284
trang,284
Thủ tướng,284
Tình yêu,284
Chồng,284
Việt Nam thương vong,284
Sức mạnh,284
Chuyện,284
Thể thao,284
Điện thoại,284
Thế giới,284
http,284
Tòa soạn,284
du,284
Song hành,283
cùng với,283
xe kéo,282
trưởng phòng,282
xe chữa cháy,282
Xe cứu hỏa,282
cao tầng,280
ngõ,280
chuyển tải,280
n,280
Chi nhánh,280
còi,280
quý,279
Camera,279
cư dân,279
Đầu tiên,279
kèm theo,279
gửi lời,279
Nhà xe,279
Khu phố,277
một cách,277
đằng sau,276
nha,276
kẹt cứng,274
dây chuyền,274
đà,274
tiệc,274
giao thông qua,274
tất niên,274
cầu Bến,273
ra viện,272
bùn,272
tối ngày,272
phản ánh,271
sườn,270
đáy,270
kho,270
chiều qua,270
Xăng dầu,270
Quân đội,270
tên tuổi,269
đo,269
tán thành,268
cách mạng,268
iếc,268
chuyển biến,268
Hội nghị,268
Uỷ viên,268
Tổng bí thư,268
bi,266
bên kia,265
hộp đen,265
Buổi,264
yết,264
xiếc,264
thành,264
Bài vị,264
ly biệt,264
vào làng,264
bô lão,264
các vị,264
tầng,260
mực,260
Viện kiểm sát,260
Mẹ con,260
nhớ lại,260
thượng tá,260
phần nào,260
Tốc độ,260
vùng vẫy,260
phòng hộ,259
mé,259
mang ra,258
Cận cảnh,257
Thiếu nữ,256
Trượt,255
false,255
nhà tôi,255
flashvars,255
Trường hợp,253
Luật sư,253
trước sau,253
đường thẳng,252
đa phần,250
nhiên liệu,250
An ninh,249
lơ xe,249
nổ máy,247
kubota,247
ông nội,247
sân bay,244
đồng bào,244
keo,244
cau,244
su,244
dân tộc thiểu số,244
hú vía,243
phòng khách,243
nhiệm,242
tư cách,242
Phê bình,242
phê bình,242
qua phân tích,242
đình chỉ,242
phối hợp,241
mai táng,241
chấn,241
Ngành,241
huyện Hàm Tân,241
tuỷ,241
chủ sở hữu,241
Lơ xe,241
thuốc men,241
ruột,240
điện thoại di động,240
vấn đề từ,239
Nội dung,238
phát hỏa,238
Gây mê,237
khoa Ngoại,237
buồng,237
Sốc,233
bùng cháy,233
Nghi án,232
máu lạnh,232
cổng chào,232
thường lệ,231
lật nhào,231
anh,231
Tỉnh ủy,230
ý nghĩa,228
Cao đẳng,228
thôn xã,227
sắt thép,226
lệ phí,225
máy kéo,225
gờ,225
hổ,225
thăm hỏi,225
tuyến Đường sắt,225
không ai,225
Tổng Công ty,225
Thông,225
ngày tháng năm,225
côn,224
như trên,224
căn bệnh,224
giao thông lại,224
nghỉ mát,224
đường Tỉnh lộ,222
đầu từ,221
điều dưỡng,220
cứu chữa,220
Tình hình,220
đảo lộn,218
mảng,218
nhao nhác,218
lên mặt,218
công nhân viên,218
region,218
hoảng sợ,218
có tiếng,218
con người,217
Hàng xóm,213
Chính quyền,213
sàn,213
đỉnh,212
kinh tế,212
Thường vụ,212
vân,212
nhiệm kỳ,212
triệu tập,212
trình độ,212
tiến sĩ,212
huyện uỷ,210
âm,210
Chi tiết,210
Ông ngoại,208
Chủ nhật,208
lợn thịt,207
mái,207
bi thương,207
hiên,207
me,207
la,207
Chú rể,206
bé bỏng,206
không sao,206
Ba mẹ,206
kìm nén,206
em dâu,206
ậc,206
Tên tuổi,206
ba mẹ,206
cứ như,206
sở,205
trílang,204
hiện có,203
khổ,203
Nữ sinh viên,202
Thương tâm,202
thiếu nữ,202
đăng tải,201
cột báo,201
nghía,201
Đa phần,201
giáp ranh,201
facebook,201
truy đuổi,200
hướng ngã,200
Có một,200
Hội thánh,200
đường Hoàng,200
cơ giới,198
phần mềm,198
thuốc,198
ngóc,198
viện phí,198
sơ sinh,197
Đài,196
thỏa thuận,196
pháp lý,196
khán giả,196
đài truyền hình,196
Bản quyền,196
truyền hình,196
Tiếng nói,196
số đông,196
đài,196
phân khối,195
hình,195
chừng,195
tiền đạo,195
siêu âm,195
Hoàn cảnh,194
chính sách,194
anh chị em,194
hiếu thảo,194
cạy,194
nông nghiệp,194
thu nhập,194
Gia cảnh,194
biết Việc,193
vì là,192
qua sông,192
bất chấp,192
ọp ẹp,192
kinh phí,192
khu chế xuất,191
lảo đảo,191
kiểm sát,191
cho cái,191
Công tác,190
máy bơm,189
lũ quét,188
Kinh hãi,188
hướng Nội,188
Trận,188
khó khăn,187
quần,186
boxing,186
màn,186
mùng,185
công viên,185
minh họa,184
số Đông,184
tự phát,184
Tháng,183
hết cỡ,182
đường cong,181
Tết Nguyên đán,181
âm thanh,181
luật pháp,179
trạng thái,179
Chủ,178
Cho đến,178
TNGT,178
Quyết định,176
hình phạt,175
đường bánh,175
đường đôi,174
túi bụi,174
cây xanh,173
đòn bẩy,173
tạp hóa,173
đồ,171
đi chợ,171
văn,171
giám đốc,169
tâm lý,169
Điều,168
bình điện,168
vòng tay,168
hàng nước,166
Sự,165
trung học,164
đúng lúc này,164
Chừng,163
cánh tay,163
Tiếng,163
ngoại viện,163
lịm,163
tay trái,163
đầu cầu,163
nửa đường,163
hoa quả,162
Cục trưởng,162
Xe buýt,161
bàn tay phải,160
xe máy tay,160
chuyển động,159
đặc điểm,159
giảm tốc,159
âm bên,159
năm học,158
Đào tạo,158
kế hoạch,158
Hiệu trưởng,158
xin phép,158
tập thể,158
Ban giám hiệu,158
Kiểm lâm,156
tin đồn,155
trọng,155
khủng,155
che đậy,153
khi không,153
Chạy theo,153
Anh em,153
cống,153
ông Công,153
Đôi nam nữ,152
rơmooc,152
romooc,152
bold,151
dây thép,150
Biển,150
Thành ủy,149
đột biến,149
từ ngày,149
đường vòng,147
xe máy bay,146
hi vọng,146
tiêu chuẩn,146
kép,146
liệt sĩ,146
thương binh,146
từ Trường,145
xi,144
nhan,144
ghê người,144
thuyền,144
tiếng kêu,142
như không,142
tiểu đội trưởng,142
cuối tuần,142
nghiêm trang,142
bước chân,142
Tết,142
nhà trai,142
dân quân,142
Lễ cưới,142
nhà gái,142
được lòng,142
đợt,141
tước,141
không mấy khi,141
nhìn chung,141
Quan tài,141
cây số,141
điểm nóng,141
Còn về,141
bạt mạng,141
hàng ngày,141
đứa bé,140
chế phẩm,139
Cơ thể,139
Ê kíp,139
vận mạch,139
trầy,139
hoàng,139
hy vọng,139
bệnh nhi,139
tim,139
Cabin,138
né tránh,136
một phen,136
cầu Bà,136
vãn hồi,136
xoài,135
kéo,135
Thiếu niên,134
móoc,134
tung toé,134
phế liệu,134
bố con,134
Khởi tố,133
chìa,132
Sân,132
khăn tang,132
Từ đường,132
này này,131
lẻ tẻ,131
buổi sáng,131
Tuyến,131
ngày nay,131
Bà bầu,130
Vành đai,129
toàn phần,129
gái nhảy,126
Nông lâm,126
ngân hàng,125
gặp phải,125
Nhìn thấy,123
qaun,123
cơ,123
Nhân dân,123
thợ,122
chủ định,122
khỏng,122
máy vi tính,120
bịt mũi,120
Nhà máy,120
bột,120
lâm trường,120
thực tế,119
tuần lễ,118
tính,118
Cùng thời gian,118
dan,118
Kinh khủng,118
nội bộ,118
TPHCM,118
đường kính,117
Vấn đề,116
bằng chứng,116
Cùng với,116
trưởng ban,116
câu chuyện,116
Tòa án,116
công văn,116
tôm,116
nghi án,116
truy cứu,116
tội phạm,116
quan điểm,116
Chiều qua,116
nam sinh,116
liên hoan,116
Quân y,115
thắp hương,114
Có người,114
cháu ruột,114
xe con mang,114
tài khoản,114
lưu hành,113
cuộn,113
mía,113
lời hứa,112
Đường sá,112
Ba ngày,112
indent,109
am,109
st,109
hẻm,109
text,109
size,109
on,109
font,109
phụ,109
yên,108
dán mắt,108
sổ sách,108
nằm rạp,108
Vụ trưởng,106
khách sạn,106
Phó phòng,106
Trưởng đoàn,106
mũ,105
không ngờ,105
quân sự,104
lồng lộn,104
lái buôn,104
múc,104
Quân sự,104
chú ruột,102
namespace,102
ns,102
schemas,102
com,102
quãng,100
tay áo,99
đằng trước,98
xem Bệnh nhân,98
phát sóng,98
cách xa,98
vệt,98
hôm sau,96
cầu cạn,96
biên giới,96
cầu tre,96
nửa,94
lộ trình,93
đối,93
Trưởng Phòng,88
Xe cộ,86
thảm cảnh,86
ltổ,86
vác,86
xếp hàng,86
đoàn thể,82
mặt trận,82
con em,82
đen đỏ,81
nhà cửa,81
chắn ngang,81
Mất hồn,81
tiếp quản,81
toàn bộ,81
dưới,81
phòng khám,80
giỗ,80
Hạt,78
khách hàng,78
thực địa,78
rẫy,78
rau,78
tại Gia Lâm,74
tinh,74
để lại,74
Gái,74
tiền sự,74
khóa,74
tiền án,74
không khỏi,73
đập cửa,72
danviet.vn,72
Hi hữu,72
khốctại,71
Bạn đọc,70
có bầu,70
chốt,69
thông tư,69
chơ,69
lê,69
cu,69
Thiếu úy,69
lợn,69
dãy núi,66
hiệu quả,66
phần lớn,66
nếu không,66
đường thủy,65
Gốc,65
bao tải,65
bát đĩa,63
chẳng may,63
vật dụng,63
trụ cột,63
jackpot,60
rời khỏi,60
cam kết,60
rốn,60
khăn trắng,60
công tắc,58
nhân vì,58
cửa ra,58
xuất thần,57
trình báo,57
cửa hàng,56
anh Hùng,56
tính năng,54
đồi núi,54
Hồi,54
đề,54
b,54
khen ngợi,54
kiến thức,54
chỉ có,54
tác dụng,54
tình thế,54
định số,54
pa,54
má phanh,54
tảng,54
Điểm,54
gia tốc,54
lý thuyết,54
vách đá,54
giáo trình,54
thực tiễn,54
điển hình,54
động cơ,54
Hộp đen,53
sừng,52
sừng trâu,52
Trâu,52
thòng lọng,52
thừng,52
chi phí,52
Ban chỉ huy,52
biên phòng,52
gàu,52
độ dốc,51
Phượt,49
gia,48
Làng,48
hàng hoá,48
cột mốc,48
Đuối,48
Thứ,48
thông,46
ghế phụ,45
Sau đây,45
chủ nhân,40
nữ giới,40
hô hấp,40
sát sao,40
thể trạng,40
vượt quá,39
hồn,39
khai báo,39
rừng,39
hiện trạng,38
tìm ra,38
ngày rằm,38
bẻ lái,38
tổ tiên,38
hồi sức,36
hàng rào,36
lên bờ,36
bưu điện,36
hội chợ,36
tróc,36
chị Hằng,34
Toàn bộ,33
móp,31
Con,30
ra vào,30
tăng tốc,30
hộp sọ,29
ttỉnh,29
nghiêm chỉnh,29
thích hợp,29
cọc,29
tra của,29
ván,29
đường Cao tốc,29
Trung úy,28
trung úy,28
quân nhân,28
Sư đoàn,28
một lần,27
sĩ,27
trường học,27
nhận lỗi,27
Hà Nội Lưu thông,27
khỉ,27
ngọn,26
hình vuông,26
tiểu,26
rau xanh,26
cành,26
Hú vía,24
Bảo hiểm,22
chi nhánh,22
trêu ngươi,22
Công thương,22
tuyến đường tránh,20
chia sẻ,20
bàn chân,20
mặt đất,20
che khuất,20
xoay quanh,20
Vợ,19
gia cầm,19
Hốt hoảng,19
sấy,18
ngày trước,18
nghe tiếng,18
hô hoán,18
bực dọc,18
Cô giáo,18
gara,18
cây Chủ tịch,17
chô,16
rờ,16
trà,15
Đoạn,15
Nhân viên,15
Lái,14
nhà quan,14
nhà thờ,14
đa số,14
khuôn viên,13
bốt,12
sức,12
cầu sau,12
Hành động,12
người hùng,12
đường trong,12
anh Dũng,11
điểu,11
Cán bộ,11
Đường hầm,10
ngủ gục,10
Giáo viên,9
quà,9
sức đẩy,8
thủy lực,8
đám đông,8
ùn,8
kích,8
ro,8
Quốc tế,8
vê,8
Cửa khẩu,8
sợi,6
vành đai,6
tời,6
Cha,6
cân treo,6
nồng nặc,5
hốt hoảng,5
hơi men,5
bỏ mặc,5
lòng sông,5
TQ,4
Biên phòng,4
Hiện có,1
tòa,1
khoang,1
